{
    "input_params": {
        "file_path": "../data/wisdm_watch_full_40_encoded.npy",
        "n_channels": 12,
        "n_classes": 7,
        "dt": 0.05,
        "sample_duration": 2,
        "batch_size": 1024,
        "sample_time_modifier": 1,
        "enabled_classes": [
            11,
            12,
            13,
            14,
            15,
            16,
            17
        ]
    },
    "loss_t": [
        2.3623071369670687,
        1.891283100559598,
        1.866183184442066,
        1.870084544022878,
        1.8514747591245742,
        1.846579290571667,
        1.8655549316179185,
        1.8488631759371077,
        1.8643860533123924,
        1.8467819293340046,
        1.889333046617962,
        1.8434354520979381,
        1.8246832064219884,
        1.8322668501308985,
        1.8306040111042203,
        1.8057937508537656,
        1.7937998856816972,
        1.798048924832117,
        1.8018758268583388,
        1.7670156160990398,
        1.8433157205581665,
        1.785698121502286,
        1.773723454702468,
        1.7780465284983318,
        1.7445443528039115,
        1.7298326974823361,
        1.7526151424362546,
        1.7624914816447668,
        1.7268862468855721,
        1.7069171440033686,
        1.799064426195054,
        1.771735219728379,
        1.7140951639130002,
        1.6990427204540797,
        1.6823547908238001,
        1.6761634520121984,
        1.659460763136546,
        1.6405386470613026,
        1.6309475018864585,
        1.581680490857079,
        1.7256658531370617,
        1.6521858118829273,
        1.6474371949831645,
        1.6473481626737685,
        1.5777191548120408,
        1.5931732995169503,
        1.5938094031243097,
        1.561594083195641,
        1.4847819010416667,
        1.4585749365034557,
        1.5369716712406702,
        1.4639218364443098,
        1.4539473823138647,
        1.419609390553974,
        1.3794490836915516,
        1.3331604259354728,
        1.3554441786947704,
        1.3384831349054973,
        1.3092291411899386,
        1.298029621442159,
        1.4439644841920762,
        1.3371729339872087,
        1.321511013167245,
        1.3083734285263788,
        1.361886061373211,
        1.2903383856727964,
        1.2734414963495164,
        1.2848312514168876,
        1.258362543015253,
        1.2619817455609639,
        1.3794841794740587,
        1.2783308994202387,
        1.2548629840215046,
        1.302102545897166,
        1.2591619207745506,
        1.245097001393636,
        1.2328329994564964,
        1.1887306656156267,
        1.2127941563015892,
        1.2206890299206687,
        1.2841526241529555,
        1.2742727200190227,
        1.2245917036419822,
        1.2293918586912609,
        1.2540688543092637,
        1.2132023260706948,
        1.2177972396214802,
        1.1806769427799044,
        1.26167988493329,
        1.2299210003444128,
        1.2738887099992662,
        1.2035479432060605,
        1.2210681722277688,
        1.1968350041480291,
        1.209462543328603,
        1.2038262599990481,
        1.182169604869116,
        1.164197203658876,
        1.1749797293118067,
        1.1858252854574294,
        1.2345037829308283,
        1.2181097638039362,
        1.207575988201868,
        1.192304784343356,
        1.2119592115992592,
        1.1858645734332858,
        1.1847860727991377,
        1.172481650397891,
        1.1887557251112801,
        1.1778789503233773,
        1.1971581436338878,
        1.2018947572935195,
        1.1943301047597612,
        1.2134158185550146,
        1.1646522141638256,
        1.1516347328821819,
        1.1401540268035162,
        1.1609048417636327,
        1.1760052726382302,
        1.1483588105156308,
        1.1694201968965077,
        1.1659515698750813,
        1.1754546875045413,
        1.2038107145400274,
        1.1633594518616086,
        1.1322875760850453,
        1.1481334737368993,
        1.1637882448378063,
        1.1360779716855003,
        1.12822345324925,
        1.1935943478629703,
        1.1817476096607389,
        1.2071513334910076,
        1.1536657015482585,
        1.1452224935804094,
        1.1591075772330874,
        1.1490956601642428,
        1.1291504417146956,
        1.134337910584041,
        1.1262941332090468,
        1.1806308343296958,
        1.155792528674716,
        1.1573693723905654,
        1.1517956597464425,
        1.14773861851011,
        1.1270824614025297,
        1.1395312178702581,
        1.1135294479983193,
        1.1567622565087818,
        1.1080546322323026,
        1.1831401586532593,
        1.1970885679835366,
        1.1381933575584775,
        1.1418645552226476,
        1.1568673508507865,
        1.135353031612578,
        1.134379506111145,
        1.1434073760395957,
        1.1460234835034324,
        1.1150686229978288,
        1.1424514452616374,
        1.1286122855686007,
        1.146706881977263,
        1.1263038941792078,
        1.1180135479995184,
        1.1251043677330017,
        1.1529481751578194,
        1.1345275016058058,
        1.1113300181570507,
        1.1117616423538752,
        1.152690092722575,
        1.1359775463740032,
        1.1308729904038566,
        1.1514220436414082,
        1.1374704766841162,
        1.1095924178759258,
        1.124996787025815,
        1.1027392177354722,
        1.1174168615114122,
        1.1244185339836847,
        1.1177549873079573,
        1.137755762963068,
        1.1494364596548534,
        1.1317974215462094,
        1.1096338629722595,
        1.0871677909578596,
        1.1233815323738825,
        1.1138210410163516,
        1.0988218798523857,
        1.0727606288024358,
        1.1199419555209933,
        1.125712255636851,
        1.1061600829873766,
        1.0992769059680758,
        1.0785978734493256,
        1.0986844755354381,
        1.0904255977698736,
        1.0800708929697673,
        1.0993682245413463,
        1.0905405268782662,
        1.1170757412910461,
        1.100028279281798,
        1.0823594260783422,
        1.1025344261101313,
        1.0966202020645142,
        1.1284823218981426,
        1.101363494282677,
        1.0673290476912545,
        1.0849196740559168,
        1.0667370430060796,
        1.0801916221777599,
        1.0786272968564714,
        1.1058344528788613,
        1.1183389978749412,
        1.0791129853044237,
        1.0631027874492465,
        1.073204987105869,
        1.1010742215883165,
        1.0930141792410897,
        1.0672901286965324,
        1.1246689359347026,
        1.094692582175845,
        1.0935449060939608,
        1.0992590600535983,
        1.0901280102275668,
        1.0777211827891213,
        1.059370951993125,
        1.1068606348264785,
        1.0798707348959786,
        1.0471094690618061,
        1.0843024523485274,
        1.08869465192159,
        1.0779351733979725,
        1.1099699111211867,
        1.0687021201565152,
        1.068245768547058,
        1.093146984066282,
        1.073838092031933,
        1.0953751532804399,
        1.072948118050893,
        1.0656131165368217,
        1.0903909930161066,
        1.07228969676154,
        1.0799782120046162,
        1.051563404855274,
        1.1004558262370883,
        1.0642413582120622,
        1.0615882618086678,
        1.0521723883492606,
        1.0388022249653226
    ],