{
    "input_params": {
        "file_path": "../data/wisdm_watch_full_40_encoded.npy",
        "n_channels": 12,
        "n_classes": 7,
        "dt": 0.05,
        "sample_duration": 2,
        "batch_size": 1024,
        "sample_time_modifier": 1,
        "enabled_classes": [
            1,
            6,
            7,
            8,
            13,
            14,
            17
        ]
    },
    "loss_t": [
        8.99362305024775,
        1.9073815055009795,
        1.8005361382554217,
        1.658304909380471,
        1.5576960749742461,
        1.4914402554674846,
        1.374757237550689,
        1.2892149163455497,
        1.2472425902762063,
        1.2543228195934761,
        1.8433316858803355,
        1.389909918715314,
        1.3775745455811663,
        1.3679341775615041,
        1.3393170455606973,
        1.3316962224681204,
        1.2999463139510736,
        1.2691078011582537,
        1.270708226576084,
        1.3097262847714308,
        1.3435977493844382,
        1.2667002154559623,
        1.2115297230278574,
        1.1810645272092122,
        1.1628076855729266,
        1.1745194225776485,
        1.1409674359530937,
        1.105300330534214,
        1.1360040263431828,
        1.143121600151062,
        1.1867729105600497,
        1.144733347543856,
        1.1082124913611062,
        1.1040882468223572,
        1.082601374242364,
        1.1210584727729238,
        1.087461300012542,
        1.087254787363657,
        1.0696121497852047,
        1.0378299137441123,
        1.1294654636848263,
        1.1325898562989585,
        1.101979277482847,
        1.0812953579716567,
        1.0509517265529167,
        1.0514643424894752,
        1.080160742852746,
        1.0846344436087259,
        1.0136008989520189,
        1.036023753445323,
        1.0000954095910235,
        0.9605496889207421,
        1.0042595136456374,
        0.9789327862786084,
        0.9068165770391139,
        0.8859980513409871,
        0.898809181480873,
        0.8978806661396492,
        0.8856910597987291,
        0.8607693227325998,
        0.8999387694568168,
        0.8890714703536615,
        0.8538195156469578,
        0.8984830437636957,
        0.8407781167728144,
        0.8353784505913897,
        0.7991186423999507,
        0.8161785151900315,
        0.8126140004251061,
        0.8257377918173627,
        0.8506448995776292,
        0.8440748017008711,
        0.8201570380024794,
        0.7738682802130536,
        0.7910037796671797,
        0.8283706118420857,
        0.7983555066876296,
        0.8261879057419009,
        0.786951556438353,
        0.7698074681002919,
        0.7970619070820693,
        0.7934589240609146,
        0.8014644893204294,
        0.8153602335511184,
        0.7734999322309727,
        0.7788515992280913,
        0.7831133080691826,
        0.754986665597776,
        0.753194775523209,
        0.7516715468429938,
        0.7701563195484441,
        0.7945395664470952,
        0.7992149707747669,
        0.7688794470414883,
        0.7559652299415774,
        0.793777189603666,
        0.7734910133408337,
        0.7294408475480428,
        0.7676319116499366,
        0.757374017703824,
        0.7776827826732542,
        0.7853708092759295,
        0.7507657743081814,
        0.745143035563027,
        0.7217784538501646,
        0.7469231733461705,
        0.7781665717683187,
        0.7814338672451857,
        0.7436379150646489,
        0.719431666339316,
        0.7302046796170677,
        0.7499231768817436,
        0.7344289654638709,
        0.7359450459480286,
        0.7275188943234886,
        0.7149872416403236,
        0.7252775968574896,
        0.7239944949382688,
        0.7261625281194362,
        0.7280438600516901,
        0.7350176296583036,
        0.7312893300521665,
        0.7517392809798078,
        0.7308934171025346,
        0.7101472906950044,
        0.7161889759505667,
        0.719679396326949,
        0.703370435935695,
        0.6927593379485898,
        0.7037873718796707,
        0.7268704931910445,
        0.7351357936859131,
        0.7100393248767387,
        0.710433394443698,
        0.6784602272801283,
        0.6918439036462365,
        0.6936071049876329,
        0.6841334482518638,
        0.6863802700507932,
        0.7258130777172926,
        0.7129398177309734,
        0.720419358916399,
        0.696514879784933,
        0.7261512003293852,
        0.7373703849024889,
        0.7079590893373257,
        0.6881308468376718,
        0.6943122613720778,
        0.664960503578186,
        0.6716573645428914,
        0.7063600537253589,
        0.701414513878706,
        0.7091380459506337,
        0.6890259021665992,
        0.679448606037512,
        0.6734386420831447,
        0.6999279028031884,
        0.7164112881916326,
        0.6580720165880715,
        0.6738250095669817,
        0.6895764949845105,
        0.6888720015200173,
        0.6768287362121954,
        0.653379417047268,
        0.6955915471402611,
        0.7092781924619908,
        0.7052865769804978,
        0.7024651271540944,
        0.6783560979657057,
        0.6449070965371481,
        0.6768970256898461,
        0.6759571127775239,
        0.6686740750219764,
        0.6645736229128953,
        0.6677748488216866,
        0.7025173495455486,
        0.6724229295079301,
        0.6933966802387703,
        0.6908105451886247,
        0.7009984196686163,
        0.6696081757545471,
        0.6818022582589126,
        0.6897027986805614,
        0.6825952181001989,
        0.6826708360416133,
        0.6728409078063035,
        0.6455954574957127,
        0.6889127289376608,
        0.6708617893660941,
        0.6624426303840265,
        0.6639803124637138,
        0.6601967302764334,
        0.6563681393134885,
        0.6504433024220351,
        0.6753107004049348,
        0.6775061313698931,
        0.6701392952988787,
        0.693015332629041,
        0.6516136759664954,
        0.6529659890547032,
        0.6492842566676256,
        0.6459674050168294,
        0.6503684942315264,
        0.6676876297811183,
        0.6503528443778434,
        0.6553283784447647,
        0.6516290336120419,
        0.6438212060346836,
        0.6480275407070066,
        0.6964679781983538,
        0.6678426600084072,
        0.6723204109726882,
        0.6637595426745531,
        0.6537142221520587,
        0.6658435798272854,
        0.6468601997305707,
        0.6302690418755136,
        0.6455205940618748,
        0.662078345694193,
        0.6364776230439907,
        0.6306730348889421,
        0.6547159668875904,
        0.6736656412845705,
        0.6311859183195161,
        0.6467660825426985,
        0.6341641908738671,
        0.6334331340906096,
        0.6203083832089494,
        0.6273977552972189,
        0.634780286288843,
        0.6351994726716018,
        0.6673858354731304,
        0.6633079822470502,
        0.643394599600536,
        0.6269861750486421,
        0.6300601799313615,
        0.6558942242366511,
        0.6289107421549355,
        0.6293730037968334,
        0.6119698300594236,
        0.634976690862237,
        0.6378768682479858,
        0.6468981170072788,
        0.6390614553195674,
        0.6407888735212931,
        0.6810196870710792,
        0.6276830187657985,
        0.6327223356177167,
        0.6308181692914265,
        0.6161569008013097
    ],