{
    "input_params": {
        "file_path": "../data/wisdm_watch_full_40_encoded.npy",
        "n_channels": 12,
        "n_classes": 7,
        "sample_duration": 2,
        "batch_size": 128,
        "sample_time_modifier": 0.02,
        "dt": 0.001,
        "enabled_classes": [
            6,
            8,
            13,
            1
        ],
        "use_onehot_labels": true
    },
    "loss_t": [
        0.2651155054257178,
        0.2590613299639437,
        0.25757168927741925,
        0.2565900132606167,
        0.25569653604667225,
        0.25488511991750507,
        0.25407421417261294,
        0.25332824378737606,
        0.2526073256088177,
        0.25217758735437046,
        0.25185394006249795,
        0.25160545375958787,
        0.25142624701192867,
        0.2513017487463527,
        0.25120102368412217,
        0.25113455826387354,
        0.2510691122078771,
        0.2510634872145678,
        0.25111461707746796,
        0.2510829160662846,
        0.2510478930323536,
        0.25102948666555097,
        0.2509959974370078,
        0.25095074814963714,
        0.2509141907642025,
        0.25087584367909355,
        0.2508091203361282,
        0.25075569140349385,
        0.25070533054973443,
        0.25063477058685263,
        0.2506056277383685,
        0.2505780179931231,
        0.250560122790761,
        0.2505578215365635,
        0.25052382145564595,
        0.25044124725601435,
        0.2503957430105559,
        0.2504282106903835,
        0.2504353671485841,
        0.2504397136066597,
        0.25043741305461104,
        0.250461956359329,
        0.2504726924509278,
        0.2504591427704427,
        0.25046144472678916,
        0.25046604637700226,
        0.25044405967465244,
        0.25045326406731033,
        0.25044457138520887,
        0.2504593992888615,
        0.25045735361688426,
        0.2504494277594601,
        0.2504417587325211,
        0.25044048206968456,
        0.25044763883995136,
        0.2504363901796141,
        0.2504310223288561,
        0.2504335773708933,
        0.2504279533137826,
        0.2504207966215323,
        0.2504016221817875,
        0.25041210331529845,
        0.25040545809955495,
        0.2503990655014028,
        0.25039216322112456,
        0.2503773363316871,
        0.25038679529235003,
        0.2503791261093779,
        0.2503814277536582,
        0.2503724789432206,
        0.2503594409732918,
        0.2503637877434336,
        0.25035356141197745,
        0.25036481015033124,
        0.2503538165260984,
        0.25034487029020697,
        0.25034512571639417,
        0.25033234317265257,
        0.25033259922297213,
        0.25033157673805795,
        0.2503351555132741,
        0.25032646251910645,
        0.2503420578715689,
        0.25032441747126155,
        0.25032135048461834,
        0.25029910905823033,
        0.2502947636143699,
        0.25029578648936684,
        0.2502957855531682,
        0.25028786063194275,
        0.25028837109423435,
        0.25028888319487347,
        0.2502684316241928,
        0.2502860713223512,
        0.2502863275287039,
        0.2502932289508001,
        0.25029731974863884,
        0.25031802682352317,
        0.2503395016592835,
        0.2503361773740559,
        0.25033720032706935,
        0.2503331107774954,
        0.2503295304419483,
        0.25033132029765565,
        0.2503233950643639,
        0.2503228842119896,
        0.25030856747277747,
        0.2503274857841861,
        0.2503241625911902,
        0.2503205831918417,
        0.25031904985455317,
        0.2503141924660867,
        0.25031828295185926,
        0.2503080569324693,
        0.2503042228870991,
        0.2503157260374249,
        0.2503244190315926,
        0.25031649270606915,
        0.2503331093731975,
        0.2503213505626349,
        0.25032032714152214,
        0.25031317013720567,
        0.25033055339496174,
        0.2503318316961458,
        0.2503244178613443,
        0.2503231397161933,
        0.2503233957665129,
        0.2503205842840734,
        0.25031419231005364,
        0.25031623649971646,
        0.2503221172312791,
        0.25031828271780965,
        0.250313169903156,
        0.25031393563560167,
        0.2503055003301011,
        0.25030754514389636,
        0.25029859843990565,
        0.25030856856500916,
        0.2503006432537009,
        0.2503006421614692,
        0.25030447792320354,
        0.25030652289303185,
        0.25031777116328635,
        0.2503182825617765,
        0.2503208397882771,
        0.2503159807614631,
        0.25031444882847254,
        0.2503167496145708,
        0.2503101019803142,
        0.2503124025323628,
        0.2503085686430257,
        0.2503134256414094,
        0.25030856840897603,
        0.25030192210100083,
        0.2502934854692189,
        0.2502970639323689,
        0.25030115355995936,
        0.25030141007837825,
        0.2502870944313978,
        0.2503113793452997,
        0.25029067289454776,
        0.2502952740766615,
        0.25030473389550656,
        0.2502850490714867,
        0.25029604191555405,
        0.25028402533830774,
        0.2502832595278455,
        0.25027303366448866,
        0.25027737895231594,
        0.2502697096913273,
        0.25027533421653725,
        0.2502819802124463,
        0.250266642548651,
        0.25026996589767997,
        0.25027150017116706,
        0.25027533421653725,
        0.2502638299739798,
        0.2502804472652405,
        0.25026255175081225,
        0.25026817611998914,
        0.2502699668338786,
        0.2502704780763356,
        0.2502658750998412,
        0.25025590536482045,
        0.2502684313901432,
        0.2502653648715993,
        0.250263830286046,
        0.2502786573315166,
        0.2502561606349745,
        0.25025718288583904,
        0.25025462753173566,
        0.2502543711693499,
        0.25025258162570874,
        0.25025360465673874,
        0.2502543717934823,
        0.25024286684877584,
        0.2502413341356198,
        0.2502415891717242,
        0.25023698720944487,
        0.25024798067764464,
        0.2502454244653592,
        0.25023059601559067,
        0.2502313634644004,
        0.2502387770651523,
        0.25022599374124516,
        0.25023698720944487,
        0.25023928752744384,
        0.250236732251357,
        0.25024721322883486,
        0.2502479791173136,
        0.2502433783252826,
        0.25024874726827234,
        0.25024721291676866,
        0.25025028107366015,
        0.2502444001080478,
        0.2502487471122392,
        0.2502464464041575,
        0.25024056676482653,
        0.2502265056858512,
        0.2502270184106228,
        0.2502234387772246,
        0.25023775380007257,
        0.25022650591990087,
        0.25022829593164136,
        0.2502265055298181,
        0.25022190341150574,
        0.25022778484521735,
        0.25022982989306225,
        0.25023187416074166,
        0.2502405674669755,
        0.25023622147699925,
        0.2502165358728139,
        0.25023110772614704,
        0.25022037023025034,
        0.25023008524123286,
        0.2502293173243238,
        0.25021960449780467,
        0.25022267171849755,
        0.25021602478638993,
        0.2502165350926484,
        0.2502075876084922,
        0.25021730269749126,
        0.2501927601729388,
        0.2502152574936133,
        0.2502096331244364,
        0.25021193391053465,
        0.2502052860422284,
        0.2502178133938325,
        0.2502111672418904,
        0.2502052874465263
    ],