{
    "input_params": {
        "file_path": "../data/4bit_spikeset_PHASE_full.npy",
        "n_channels": 12,
        "n_classes": 7,
        "dt": 0.05,
        "sample_duration": 2,
        "batch_size": 1024,
        "sample_time_modifier": 1,
        "enabled_classes": [
            1,
            6,
            7,
            8,
            13,
            14,
            17
        ]
    },
    "loss_t": [
        5.677528206895038,
        2.4519914068826814,
        1.9588375818438646,
        1.9038801076935559,
        1.8754617266538667,
        1.8395754593174631,
        1.7925446120704092,
        1.7416888097437417,
        1.7325076824281274,
        1.7100406565317294,
        1.6962116229824904,
        1.6854278895913102,
        1.6807706036218784,
        1.66926982635405,
        1.6497721206851121,
        1.628921659981332,
        1.6181058447535446,
        1.600791303122916,
        1.6363310581300317,
        1.6021202948035262,
        1.5646357797994845,
        1.55885109087316,
        1.5549521562529773,
        1.534193678600032,
        1.5403093215895862,
        1.5253355183252475,
        1.5411939213915569,
        1.4988585681450077,
        1.4870147123569395,
        1.4640184088451107,
        1.4788237781059452,
        1.4704138331296968,
        1.4439357868055018,
        1.4313042018471696,
        1.4257265561964454,
        1.4014292083135464,
        1.3888434869487112,
        1.3930161057448969,
        1.383975988481103,
        1.3742652986107804,
        1.3878184586036495,
        1.3882632924289238,
        1.3781244027905348,
        1.3668219781503446,
        1.3544959091558688,
        1.3406727750126908,
        1.3722309077658303,
        1.3270786041166724,
        1.331454271223487,
        1.3155350161761772,
        1.3136109724277403,
        1.3479195978583358,
        1.3122979344391241,
        1.326851850602685,
        1.3125016805602283,
        1.3003584117424198,
        1.3111667749358387,
        1.3002112929413958,
        1.3043583020931337,
        1.3336620359885982,
        1.33216112415965,
        1.2759936466449644,
        1.301424067194869,
        1.271161751049321,
        1.2689977622613675,
        1.27594061886392,
        1.2599802598720644,
        1.266186452493435,
        1.2772696279897922,
        1.2815803318488888,
        1.2627150285534743,
        1.2666767980994247,
        1.2627538122781894,
        1.2620314272438609,
        1.2360322126528112,
        1.254531790570515,
        1.2765075637073051,
        1.2428767419442899,
        1.2430969185945464,
        1.2493139912442464,
        1.2677479400867369,
        1.2352830724018375,
        1.233527587681282,
        1.2211356075798594,
        1.2291595121709311,
        1.2217515125507261,
        1.2271147762856833,
        1.239503075436848,
        1.2182505188918695,
        1.2258194801284046,
        1.2310312375789736,
        1.224381214234887,
        1.213979811203189,
        1.2112107364142812,
        1.2410053131056995,
        1.1998232399545066,
        1.21244354655103,
        1.2174122304451176,
        1.2192571773761656,
        1.2133196999387044,
        1.2617964250285452,
        1.20754660920399,
        1.202280803424556,
        1.2006626361753883,
        1.2011204289226998,
        1.215954501454423,
        1.1773352332231475,
        1.1832411754422072,
        1.191093904216115,
        1.2003279720864646,
        1.2097901193107046,
        1.1732055559390928,
        1.1767094106208988,
        1.1909916226456805,
        1.2005360678928654,
        1.201897251896742,
        1.1801322785819448,
        1.1871773266210788,
        1.1815777697214267,
        1.1842981693221302,
        1.1880553873573863,
        1.1970745761220047,
        1.1855905230452375,
        1.187901712045437,
        1.1788051331915506,
        1.1829906498513572,
        1.188599028238436,
        1.210092966149493,
        1.1754197870812766,
        1.178219809764769,
        1.1697580232852842,
        1.1596101900426352,
        1.1675893737048637,
        1.1689066974128164,
        1.1638008152566306,
        1.173422040008917,
        1.1552620224836396,
        1.190764877854324,
        1.1793648615116026,
        1.17492466147353,
        1.1622899334605148,
        1.1966720761322394,
        1.1651615602214163,
        1.1615184298375758,
        1.172922522556491,
        1.1664487239791126,
        1.168403331826373,
        1.1752139358985714,
        1.1687821033524304,
        1.1838780757857532,
        1.1892238884437374,
        1.1818048488803026,
        1.153556861528536,
        1.1462021949814587,
        1.15699867504399,
        1.1535453389330608,
        1.1729135338853045,
        1.1412020630952788,
        1.1427383873520829,
        1.15425989685989,
        1.1785655137969226,
        1.147724442365693,
        1.1397961785153645,
        1.1392739080801242,
        1.1712400011899995,
        1.14954905393647,
        1.1476894907835054,
        1.1429699979177335,
        1.159267899466724,
        1.1523967690584136,
        1.1649392872321895,
        1.1687659868379918,
        1.144173066790511,
        1.1396922629054,
        1.145608803121055,
        1.124679800940723,
        1.1535633700649912,
        1.1332633727934303,
        1.1333321943515684,
        1.1215983890905612,
        1.1465492408450058,
        1.1457968194310257,
        1.1533024398291982,
        1.1667771223114758,
        1.1434257757372972,
        1.1468522316072045,
        1.1229522170090094,
        1.1450141639244267,
        1.1627718500974702,
        1.1381246723779819,
        1.1339467153316591,
        1.1602861125294754,
        1.133536539426664,
        1.10965519416623,
        1.1164290061811122,
        1.1236371354358952,
        1.1255946406504003,
        1.128228907178088,
        1.1166392957291953,
        1.116768957638159,
        1.1157668683587052,
        1.1304183820398843,
        1.149430365097232,
        1.1375707882206614,
        1.1187309302934787,
        1.124198285544791,
        1.1549362874612576,
        1.1085715977157033,
        1.1294718399280455,
        1.1300270310262355,
        1.1353700160980225,
        1.134146387984113,
        1.1288123799533378,
        1.1440470887393486,
        1.1184278421285676,
        1.1339865123353354,
        1.1088436551210357,
        1.1352127267093193,
        1.1113902708379233,
        1.1162458062171936,
        1.1211999800147079,
        1.115139093340897,
        1.1281256326814977,
        1.1144625457321726,
        1.142193837863643,
        1.1229469456323764,
        1.1226357221603394,
        1.1229279710025322,
        1.1341742538824313,
        1.1224682738141316,
        1.1227928792558066,
        1.1257686178858688,
        1.1319678905533581,
        1.1224061483290138,
        1.1306364478134527,
        1.121225514063021,
        1.125195340412419,
        1.119659010956927,
        1.105385274421878,
        1.1313556171045072,
        1.1228215563588027,
        1.1124237572274558,
        1.128412976497557,
        1.1155398880563132,
        1.1353438627429124,
        1.1224119576012217,
        1.1388385484858257,
        1.137306784711233,
        1.1067847158850692,
        1.1052960724365422
    ],