{
    "input_params": {
        "file_path": "../data/4bit_spikeset_PHASE_full.npy",
        "n_channels": 12,
        "n_classes": 7,
        "dt": 0.05,
        "sample_duration": 2,
        "batch_size": 1024,
        "sample_time_modifier": 1,
        "enabled_classes": [
            1,
            6,
            7,
            8,
            13,
            14,
            17
        ]
    },
    "loss_t": [
        6.640343514884391,
        2.4321993153269696,
        1.9348762238897927,
        1.8395962860526107,
        1.7564675778877445,
        1.7066722643084642,
        1.6831169128417969,
        1.6574889072557775,
        1.6217857163126876,
        1.5972991513042916,
        1.5783121585845947,
        1.5671821222072695,
        1.5474537669158563,
        1.5357718206033475,
        1.5192685999521396,
        1.5128191505990378,
        1.4840457759252408,
        1.4859311115450975,
        1.4723977664621866,
        1.4639935580695547,
        1.44972565988215,
        1.4443187859000228,
        1.4296967692491485,
        1.4353313358818613,
        1.4265174545892856,
        1.4052775022460193,
        1.4037610844867985,
        1.3781663731830875,
        1.3875121837709008,
        1.3697999861182235,
        1.3745426346616048,
        1.3547211071340048,
        1.3618679395536097,
        1.3436400715897723,
        1.338757087544697,
        1.3324450457968362,
        1.33679717343028,
        1.320153739394211,
        1.198482434924056,
        1.1434580756396782,
        1.1159234453992146,
        1.127101052098158,
        1.086894344992754,
        1.0830619131646506,
        1.074150578277867,
        1.0560631490335233,
        1.0659093347991384,
        1.0484916916707667,
        1.0603867682015025,
        1.071077923949172,
        1.043878263089715,
        1.0377323554783333,
        1.0380204087350426,
        1.0199382799427683,
        1.0134131123379964,
        1.0299321602030498,
        1.0430106128134378,
        1.024069441527855,
        1.0137937316080419,
        0.9990320220226194,
        1.0030913527418928,
        0.9979325445686898,
        0.9759359010835973,
        1.0004704739989303,
        0.9722900376087282,
        0.9643287498776506,
        0.9956420383802275,
        0.9910373062622256,
        0.9623386670903462,
        0.9645227891642872,
        0.9692288855227028,
        0.9618518774102374,
        0.9448821617335807,
        0.9640277551441658,
        0.982285325120135,
        0.9357103196586051,
        0.9261590533140229,
        0.9428379753740822,
        0.931004887673913,
        0.9555328284821859,
        0.9538091726419402,
        0.93251892706243,
        0.9550605081930393,
        0.9302479363069301,
        0.935679496788397,
        0.9222914663756766,
        0.9378126481684242,
        0.9233083317919475,
        0.9616931531487442,
        0.9104165798280297,
        0.9186780699869481,
        0.9073464594236235,
        0.9142633691066648,
        0.9121203611536723,
        0.906377325697643,
        0.94340838164818,
        0.9078789396983821,
        0.8979893224995311,
        0.9055857018726629,
        0.908853357884942,
        0.9065817318311552,
        0.9018634237894197,
        0.9021026811948637,
        0.9405435512705547,
        0.9095100469705535,
        0.9010058132613578,
        0.882835708013395,
        0.8789709224933531,
        0.897022190617352,
        0.8921648205780401,
        0.9049588020254926,
        0.8884665907883063,
        0.8849429589946095,
        0.8886931887487086,
        0.898918611247365,
        0.9041067478133411,
        0.8807878450649541,
        0.8831000953185849,
        0.8931373037943026,
        0.8801844061874762,
        0.8715586153472342,
        0.875604633877917,
        0.8601440074967175,
        0.8921165161016511,
        0.8783167440716814,
        0.8995390578014094,
        0.8876634051160115,
        0.8835445642471313,
        0.8562587208864165,
        0.8749345482849493,
        0.8856128585047838,
        0.8792169486604086,
        0.8744070515400026,
        0.8974226742255978,
        0.8702222966566319,
        0.8580567764072884,
        0.8389815077549074,
        0.8616447361504159,
        0.853322693487493,
        0.8696806939636789,
        0.8369653675614334,
        0.8150516239608206,
        0.8432286730626735,
        0.8439834583096388,
        0.8488136471771612,
        0.8325680000026051,
        0.8196955861114874,
        0.8353731588619512,
        0.8205070713671242,
        0.8310838472552415,
        0.8438734775636254,
        0.8416239430264729,
        0.8299547869984697,
        0.8582107642801796,
        0.8541324487546595,
        0.8497257915938773,
        0.8433161566897136,
        0.8119658406187849,
        0.8348095373409551,
        0.8231163693637382,
        0.8296208963161562,
        0.8325279151521078,
        0.820179977068087,
        0.8167282531901103,
        0.8206374688846308,
        0.8142499618413972,
        0.8054873318206973,
        0.8103318810462952,
        0.8041695341831301,
        0.8188978462684445,
        0.7928187803524297,
        0.8157966514913048,
        0.8212319656116206,
        0.8460931094681344,
        0.8258442965949454,
        0.8147090760672965,
        0.817556347788834,
        0.8225970588079313,
        0.8268694906699948,
        0.8260309216452808,
        0.8219625397426326,
        0.82055665661649,
        0.8096982545968963,
        0.8008645700245369,
        0.807575045562372,
        0.8435273911894822,
        0.8027894191625642,
        0.8078967987037287,
        0.8185955227875128,
        0.7937611966598325,
        0.8211790308719729,
        0.8078404083484556,
        0.7969267150250877,
        0.8127056374782469,
        0.8224602268963326,
        0.7869910888555574,
        0.8008179257555705,
        0.7907467760690828,
        0.8225477192460037,
        0.8045416387116037,
        0.8098389957009292,
        0.8108499239130718,
        0.8028830987651173,
        0.8051268094923438,
        0.8061763004558843,
        0.8093399565394331,
        0.7990488715288115,
        0.8081490964424319,
        0.7934557286704459,
        0.7912314359734698,
        0.7866953916665984,
        0.7935694761392547,
        0.8145521864658449,
        0.7767930830397257,
        0.804709206267101,
        0.8064373731613159,
        0.7905141565857864,
        0.8031543042601609,
        0.7914830853299397,
        0.8050499122317244,
        0.8037178937981768,
        0.7860337583030143,
        0.7921655628739334,
        0.7921659394008357,
        0.8076009910281111,
        0.7963226379417792,
        0.7820397673583612,
        0.8009602456558041,
        0.7882238335725738,
        0.7879004071398479,
        0.8042904298479964,
        0.7937693130679246,
        0.7914406991586452,
        0.7897176946081766,
        0.7818723350036435,
        0.7979093324847337,
        0.7914283551820894,
        0.7729108871483221,
        0.7901310673574122,
        0.7809483961361211,
        0.7711581151659895,
        0.7915393477532922,
        0.7820110422808949,
        0.7791774781738839,
        0.7798047778083057,
        0.7949751848127784,
        0.7829687711669178,
        0.7717050168572402,
        0.7710387459615382,
        0.7807043340147996
    ],