{
    "input_params": {
        "file_path": "../data/wisdm_watch_full_40_encoded.npy",
        "n_channels": 12,
        "n_classes": 7,
        "dt": 0.05,
        "sample_duration": 2,
        "batch_size": 1024,
        "sample_time_modifier": 1,
        "enabled_classes": [
            1,
            6,
            7,
            8,
            13,
            14,
            17
        ]
    },
    "loss_t": [
        6.756807841905734,
        1.6620967213700457,
        1.5072314419397495,
        1.4221154625822858,
        1.3219773275096243,
        1.2433467667277267,
        1.2302610060063803,
        1.1768890357599027,
        1.1735430258076365,
        1.1496652539183454,
        1.6712517360361612,
        1.2291233568656734,
        1.1581266129889138,
        1.1609193435529384,
        1.1333367126743967,
        1.1049089359074105,
        1.100919098388858,
        1.118542111501461,
        1.0886552115766013,
        1.068492540499059,
        1.3584179645631371,
        1.1379710741159392,
        1.0933952026250886,
        1.0337394461399172,
        1.0660742085154464,
        1.0310670588074662,
        1.0363111888490073,
        1.0511201707328237,
        0.9753659672853423,
        0.9885484256395479,
        1.2347276923133106,
        1.0557882087986643,
        1.0428576542109977,
        1.0225533944804495,
        1.0325935686506875,
        1.0197415933376406,
        1.0011755184429447,
        1.0069831856867162,
        0.9957875609397888,
        0.9707253124655747,
        1.1094712120730703,
        0.9888695492977049,
        0.9928416580688663,
        0.9797300710910704,
        1.0004720120895199,
        0.9611253360422646,
        0.9443475429604693,
        0.9782221128300923,
        0.9363425315880194,
        0.9367869452732366,
        1.135510770286002,
        1.020533875721257,
        0.9700177311897278,
        0.9638054908775702,
        1.0037137822407047,
        0.9751444706102697,
        0.9268344916948458,
        0.9599074517808309,
        0.9405398761353841,
        0.9779786569316212,
        1.0281274580373996,
        0.9714019371242057,
        1.002237096065428,
        0.9678258910411741,
        0.9463027235938282,
        0.9380150408279605,
        0.9055452593942968,
        0.9141141481515838,
        0.9581262454753969,
        0.9181520837109264,
        1.0265241032693444,
        0.9386454515340852,
        0.9230028230969499,
        0.9266718524258312,
        0.9343312746141015,
        0.8877669049472343,
        0.9181248124052839,
        0.9060877576106932,
        0.8706793450727696,
        0.9107762197168862,
        0.9823455752396002,
        0.9136188509987622,
        0.8917149101815572,
        0.9298468668286394,
        0.9156917013773104,
        0.9028663504414443,
        0.8726291641956423,
        0.8723556690099763,
        0.8973912175108747,
        0.8922312492277564,
        0.9469638888428851,
        0.8969541264743339,
        0.880761006983315,
        0.8567402377361204,
        0.8568387918355989,
        0.8904078224810158,
        0.8622300188715865,
        0.8812855889157551,
        0.8918715759021479,
        0.8783198246141759,
        0.9929823802738655,
        0.9107567856951457,
        0.9125271773919826,
        0.8700185708883332,
        0.8548951381590308,
        0.8434725563700606,
        0.8561263549618605,
        0.8431531001881856,
        0.84405799755236,
        0.8836728639718963,
        0.9084346832298651,
        0.8881044024374427,
        0.8539728347848101,
        0.8375940162961076,
        0.8344786327059676,
        0.8405440943997081,
        0.907355983082841,
        0.8826386739568013,
        0.8508680172082854,
        0.8469533992976677,
        0.910732709779972,
        0.8816119839505452,
        0.8941355827378064,
        0.8656222558603054,
        0.907685415046971,
        0.8948496347520409,
        0.8730059614995631,
        0.8754955268487697,
        0.8333180532222841,
        0.9016527024711051,
        0.9058534095926982,
        0.8489963499511161,
        0.8409838516537737,
        0.8403710155952268,
        0.8485621737270821,
        0.8503994883560553,
        0.8388788045906439,
        0.8016988169856187,
        0.8294439810078319,
        0.8318467649017892,
        0.8781140315823439,
        0.8395974984983119,
        0.9061992241115104,
        0.8298561703868028,
        0.8151273131370544,
        0.8151640179680615,
        0.8166796768583903,
        0.8542736841411125,
        0.8211433044294032,
        0.8241038874882024,
        0.8929651539500166,
        0.8313059428843056,
        0.8975986852878477,
        0.832374369225851,
        0.8698846072685428,
        0.8443666536633562,
        0.8490424301566147,
        0.8405031140257673,
        0.8130505913641395,
        0.8308206215137388,
        0.8784009668885208,
        0.8494542430086833,
        0.8704788205100269,
        0.8600435533174654,
        0.893708851279282,
        0.8342412797416129,
        0.8332790005497817,
        0.8139688750592674,
        0.8222565491025041,
        0.8283524033499927,
        0.842899600180184,
        0.834673375618167,
        0.8079648454014848,
        0.8333185169754959,
        0.813081425864522,
        0.8200708206106977,
        0.8004109757702526,
        0.8139089796601272,
        0.8055073429898518,
        0.7928244340710524,
        0.8467394113540649,
        0.8306599579206327,
        0.8081513207133223,
        0.8210311095889021,
        0.8002263118581074,
        0.7946078123115912,
        0.7979575090292024,
        0.7866765914893732,
        0.820207318154777,
        0.790879743855174,
        0.8542382557217668,
        0.8063906402122684,
        0.7932561054462339,
        0.7847233472800836,
        0.808976065821764,
        0.7973873440812274,
        0.7743141578464974,
        0.782694424070963,
        0.8274401353626717,
        0.8015695330573291,
        0.893020304237924,
        0.8278461418500761,
        0.8220995998964077,
        0.7809562770331778,
        0.8211646879591593,
        0.8035513438829561,
        0.7829836999497762,
        0.8186235602309064,
        0.8215315341949463,
        0.7860594624426307,
        0.8989317228154439,
        0.8094289811646066,
        0.7751244190262585,
        0.8171247985304856,
        0.7986882430751149,
        0.7901757228665236,
        0.7720268572249064,
        0.7977873741126642,
        0.7748591580042025,
        0.7975747032863337,
        0.9116090434353527,
        0.8201409505634774,
        0.825302911967766,
        0.8038917518243557,
        0.783755923189768,
        0.7719833531030794,
        0.8010247684106594,
        0.7945534252538914,
        0.7629314079517271,
        0.7524642551817545,
        0.8033251617012954,
        0.7850878325904288,
        0.8379618729033121,
        0.7911914630634028,
        0.7548363339610216,
        0.7886761543227405,
        0.771778429426798,
        0.7833636243168901,
        0.8127061521134725,
        0.7546725185906015,
        0.8167662431554097,
        0.7851979936041483,
        0.8365903685732585,
        0.8251335257437171,
        0.7943951661993818,
        0.7845259512343058,
        0.8139703375537221,
        0.8081806229382027,
        0.7844537743707982,
        0.7777268712113543
    ],