{
    "input_params": {
        "file_path": "../data/4bit_spikeset_PHASE_full.npy",
        "n_channels": 12,
        "n_classes": 7,
        "dt": 0.05,
        "sample_duration": 2,
        "batch_size": 1024,
        "sample_time_modifier": 1,
        "enabled_classes": [
            1,
            6,
            7,
            8,
            13,
            14,
            17
        ]
    },
    "loss_t": [
        13.165889344564299,
        5.352100610733032,
        2.7619570173868317,
        2.181051882301889,
        2.049556924075615,
        2.0011261498055806,
        1.9631849149378335,
        1.9166401101321708,
        1.8833548935448252,
        1.859808311229799,
        1.8286450577945244,
        1.813753727005749,
        1.7967621553234938,
        1.7788096782637806,
        1.7387075918476755,
        1.6850389154945933,
        1.6686555292548202,
        1.650121627784357,
        1.6292009528090314,
        1.603418643881635,
        1.5719959445115996,
        1.5275359938784343,
        1.4876150038184188,
        1.4683681726455688,
        1.4468272313839052,
        1.4294086025982369,
        1.4203126052530801,
        1.4091308116912842,
        1.3944122471460483,
        1.3825612271704324,
        1.3741324849245025,
        1.3713297000745448,
        1.3631023023186661,
        1.3636625888870983,
        1.351026465253132,
        1.3507879187421101,
        1.331422392914935,
        1.33424853115547,
        1.3353866542257913,
        1.3202694683540157,
        1.3133660903791102,
        1.3073182425847867,
        1.3075760195894939,
        1.3007902081419782,
        1.2990212556792469,
        1.2991935596233462,
        1.2874631154827956,
        1.2866920581678065,
        1.284489317638118,
        1.286850821681139,
        1.278161429777378,
        1.2752051004549352,
        1.2740251930748545,
        1.277743086582277,
        1.2697235345840454,
        1.2728190538359851,
        1.259611560077202,
        1.2638835877906986,
        1.2585413921170119,
        1.261002325430149,
        1.2570499007294818,
        1.2543412243447654,
        1.2543426432260654,
        1.2508104865143939,
        1.2547443000281728,
        1.2516794466390841,
        1.2456393968768236,
        1.2551125258934208,
        1.2411314190887823,
        1.2393957231102921,
        1.2408089201624801,
        1.2368391752243042,
        1.236997307800665,
        1.2361830676474221,
        1.2397131832634531,
        1.2310867425872059,
        1.1399537412131704,
        1.0693724489793546,
        1.0400455666751396,
        1.0270328172823278,
        1.0298047719932184,
        1.0144457264644344,
        1.0141098804590178,
        1.0066656499374202,
        0.9975085680077715,
        0.9940211642079237,
        0.9851001559234247,
        0.9762953912339559,
        0.9836047567972322,
        0.9944064849760474,
        0.9767429479738561,
        0.9632997498279665,
        0.9620904268288031,
        0.9622567964763176,
        0.9566791130275261,
        0.9468359496535325,
        0.937490297526848,
        0.940985743592425,
        0.925563815163403,
        0.9421970887881953,
        0.9295048713684082,
        0.9284947848901516,
        0.9176396494958459,
        0.9260453436432815,
        0.9206765933734614,
        0.9221049241903352,
        0.9159385227575535,
        0.9020104669943089,
        0.9078941548742899,
        0.9053471568154126,
        0.8979364997003136,
        0.8986650356432286,
        0.9054782754037438,
        0.8910121859573736,
        0.8935916089430088,
        0.9102132858299627,
        0.8951828726908055,
        0.8941959389826146,
        0.8983308716518122,
        0.8877996976782636,
        0.8869997670010823,
        0.8983537569278623,
        0.8767934179887539,
        0.8936673882530957,
        0.8876165195209224,
        0.8902096195918757,
        0.8891261292666923,
        0.877792502321848,
        0.8817591638099856,
        0.8871314351151629,
        0.8836189653815293,
        0.8743020863067813,
        0.872425963238972,
        0.8775662489053679,
        0.8746837944519229,
        0.8772899697466594,
        0.8717578053474426,
        0.874694263062826,
        0.8768035914839768,
        0.8760333700877864,
        0.869942893342274,
        0.8488896503681089,
        0.8442595979062523,
        0.8504151643776312,
        0.8466403935013748,
        0.8506099087436024,
        0.8418394414390006,
        0.8496807755493536,
        0.8434697244225479,
        0.8468071585748254,
        0.8399375648033328,
        0.8439818896898409,
        0.8392776614282189,
        0.8427883648290867,
        0.8432184254250875,
        0.8342396195341901,
        0.8475051071585679,
        0.845181174394561,
        0.8342434967436442,
        0.8364112537081648,
        0.8368260816829961,
        0.841882083474136,
        0.8389730438953493,
        0.830226571094699,
        0.8315287741219125,
        0.8357756675743475,
        0.8346715351430382,
        0.8330445187847789,
        0.8316611603992742,
        0.8432881861198239,
        0.8318067643700576,
        0.8404001331910854,
        0.8300051194865529,
        0.8338425566510457,
        0.827961809751464,
        0.8436086439504856,
        0.8358021349441714,
        0.8284419135349553,
        0.8343372257744394,
        0.8353787151778617,
        0.8242106670286597,
        0.8273404982031846,
        0.8288663116897025,
        0.8207477476538682,
        0.829916445220389,
        0.8222732573020749,
        0.8160965428119753,
        0.8225458642331566,
        0.8216714306575496,
        0.8288189143669314,
        0.8253952889907651,
        0.8211439310050592,
        0.8185199353753067,
        0.8130296221593531,
        0.8219040268804969,
        0.8220894874596014,
        0.8190315278565011,
        0.8169973274556602,
        0.8216549710529607,
        0.8316050375380167,
        0.8201305081204671,
        0.8207329991387158,
        0.8229936579378639,
        0.8129761873221979,
        0.8260425649038176,
        0.8222211788340312,
        0.8180040179229364,
        0.8157115724028611,
        0.8137855209955355,
        0.8134561718963995,
        0.8209889676512742,
        0.8188337058555789,
        0.8073404096975559,
        0.8265633408616229,
        0.8154440769335118,
        0.8122580095035273,
        0.8127108521577788,
        0.8101010002740999,
        0.8066266179084778,
        0.8056952386367612,
        0.8132966233462822,
        0.8075696418925029,
        0.813248996327563,
        0.8065678811654812,
        0.8223074689144041,
        0.8051639213794615,
        0.8117071564604597,
        0.8108772780837082,
        0.8055503775433797,
        0.8084296889421416,
        0.8022869272929866,
        0.8058245400103127,
        0.8014474278543053,
        0.807329600904046,
        0.8096411068265031,
        0.8002571158292817,
        0.7993622712972688,
        0.799866102090696,
        0.8064716981678475,
        0.8110790834194277,
        0.8039918352917927,
        0.800609752899263,
        0.802978540339121,
        0.7971822532211862,
        0.8034516383961934,
        0.7961939195307289,
        0.797704189288907,
        0.803610284154008,
        0.8050844291361366,
        0.799843183377894
    ],