{
    "input_params": {
        "file_path": "../data/4bit_spikeset_PHASE_full.npy",
        "n_channels": 12,
        "n_classes": 7,
        "sample_duration": 2,
        "batch_size": 128,
        "sample_time_modifier": 0.02,
        "dt": 0.001,
        "enabled_classes": [
            6,
            8,
            13
        ],
        "use_onehot_labels": true
    },
    "loss_t": [
        0.3453898282928599,
        0.34364829315907425,
        0.342655002242989,
        0.34196055825385785,
        0.3415107058568133,
        0.3411878974487384,
        0.34087774861190057,
        0.3405490633514192,
        0.34016115177008843,
        0.3396077650702662,
        0.3390132375061512,
        0.33842820425828296,
        0.33784045837819576,
        0.337316008284688,
        0.3368385779774851,
        0.3363575314482053,
        0.3358923053989808,
        0.3353502228856087,
        0.3348714363657766,
        0.33436055005424553,
        0.3339455113228824,
        0.3336593247950077,
        0.33336499850783086,
        0.3331294484022591,
        0.33285727724432945,
        0.33254712799357045,
        0.33225641896327335,
        0.33200368885364795,
        0.3317419168435865,
        0.33153349140452015,
        0.3313937894999981,
        0.3312798579119974,
        0.33119576382968163,
        0.33112794657548267,
        0.3310384297122558,
        0.33103029015991425,
        0.33100497329400647,
        0.33092268784013057,
        0.3308498977373044,
        0.330806044033832,
        0.33071381308966213,
        0.33061660991774666,
        0.3305790832059251,
        0.3304945389843649,
        0.33041722720695865,
        0.3303462457325723,
        0.33029289605716866,
        0.3302567280415032,
        0.33020835142168736,
        0.33014957710272735,
        0.3300917065805859,
        0.33000625628564095,
        0.3299479341755311,
        0.32987514448662597,
        0.3297919562707345,
        0.329747648909688,
        0.3297042457593812,
        0.3296499935289224,
        0.32959212362766266,
        0.32955504829684895,
        0.32952068870266277,
        0.3294813546041648,
        0.32946598198678756,
        0.3294632697684897,
        0.3294433771322171,
        0.32941760640177464,
        0.3293719442768229,
        0.32933803440796006,
        0.3293100038750304,
        0.32928242575791145,
        0.32923630997538567,
        0.3291689459648397,
        0.32914362682236564,
        0.32910926536553436,
        0.32909750959111583,
        0.32905998536282116,
        0.32902833819389343,
        0.3290016636666324,
        0.3289840306258864,
        0.3289550958822171,
        0.32894107906354797,
        0.32892842114799553,
        0.3289053622219298,
        0.3288913472659058,
        0.328880045356022,
        0.32888501779072815,
        0.32887326346503365,
        0.32886150893237853,
        0.3288488497750627,
        0.3288538224167294,
        0.3288515615794394,
        0.328853824072414,
        0.3288307649393876,
        0.3288325739817487,
        0.32881041926642257,
        0.32881448914607364,
        0.3288167495694425,
        0.328810419059462,
        0.32880725608103806,
        0.3288040906190872,
        0.3288176523314582,
        0.32881177465120953,
        0.3288040902051661,
        0.3288149411479632,
        0.3288049944159057,
        0.3288158451517423,
        0.3288004729482863,
        0.32880770622028244,
        0.3288022821976079,
        0.32879459402627415,
        0.3288040906190872,
        0.3287955005135801,
        0.328796857347091,
        0.32879369147121906,
        0.328778319267763,
        0.32876475693451035,
        0.32875707145366406,
        0.3287380811654859,
        0.3287290392650498,
        0.3287371771617068,
        0.328742151045137,
        0.32874305587675834,
        0.32874441022674245,
        0.32875345336894196,
        0.3287579758713643,
        0.32874350684384507,
        0.3287380819933282,
        0.3287344668060541,
        0.3287209015753534,
        0.3287154771387577,
        0.3287154763109154,
        0.32870145990616745,
        0.3287010093530019,
        0.32869196662472355,
        0.32867975988321835,
        0.3286851851476563,
        0.3286734310289224,
        0.328665745134155,
        0.32865670116411316,
        0.32864856347441673,
        0.3286463026371267,
        0.328640424956878,
        0.3286264106217358,
        0.32861736830737853,
        0.32862369736863506,
        0.32860787295632893,
        0.32861103759043747,
        0.3286078737841712,
        0.3286033529374335,
        0.3286010929279857,
        0.32859476324584747,
        0.32859069315923584,
        0.32858210284676814,
        0.3285730601184898,
        0.32857351191341877,
        0.3285626628332668,
        0.3285667310572333,
        0.32856808851162594,
        0.32854909925825065,
        0.3285436731659704,
        0.328540057150854,
        0.32853327401810223,
        0.32852604074610603,
        0.32852558895117706,
        0.3285201634797785,
        0.3285197125126918,
        0.3285029834757249,
        0.32850343609849614,
        0.32850614935159683,
        0.3285016272630956,
        0.32849936559796333,
        0.32849032369752723,
        0.3284790207528406,
        0.3284731443143553,
        0.3284749523219135,
        0.328469075055586,
        0.3284604851570394,
        0.3284518940167295,
        0.32844375674095416,
        0.3284518950515323,
        0.32844466095169383,
        0.32844104390177464,
        0.32843426283862853,
        0.32843697505692643,
        0.32842702853182953,
        0.32842069926361245,
        0.3284329053842359,
        0.32842883798811173,
        0.3284396885169877,
        0.3284333580070072,
        0.3284297407501274,
        0.3284256723192003,
        0.328417988287078,
        0.32842883798811173,
        0.32843787947462666,
        0.32843562008606064,
        0.3284600337760316,
        0.3284514430496428,
        0.3284604851570394,
        0.3284555121014516,
        0.32845822473367053,
        0.32845279822746914,
        0.328442401977049,
        0.3284383323043585,
        0.32844466115865445,
        0.32843064620263046,
        0.3284518950515323,
        0.3284378784398238,
        0.32843968748218483,
        0.32841979588071507,
        0.3284206988496913,
        0.32842431631353164,
        0.32841889104909366,
        0.3284161775890324,
        0.32841708242065376,
        0.32841527337829274,
        0.3284075874835253,
        0.3284130137827661,
        0.3284048734025823,
        0.32841617841687465,
        0.328404423677259,
        0.3283985470318132,
        0.32840804010629654,
        0.3283962847457992,
        0.32838724222448135,
        0.32838498283591533,
        0.3283781999101241,
        0.32837141905393863,
        0.32836780283186173,
        0.32835152600374484,
        0.3283361531794071,
        0.32833931946920025,
        0.32833389482564396,
        0.3283135483248366,
        0.32831852200130623,
        0.3283054106351402,
        0.32828958622283405,
        0.3282782836920685,
        0.32827602326869965,
        0.3282624601076047,
        0.3282380464176337,
        0.3282267443007893,
        0.3282317157006926,
        0.3282217691755957,
        0.32821363231374157,
        0.32820549400316346,
        0.3282000687387254,
        0.32820278054310215,
        0.32819373947050834,
        0.32820142515831524
    ],