{
    "input_params": {
        "file_path": "../data/wisdm_watch_full_40_encoded.npy",
        "n_channels": 12,
        "n_classes": 7,
        "dt": 0.05,
        "sample_duration": 2,
        "batch_size": 1024,
        "sample_time_modifier": 1,
        "enabled_classes": [
            1,
            6,
            7,
            8,
            13,
            14,
            17
        ]
    },
    "loss_t": [
        6.971390415982502,
        2.1566474234185566,
        1.9336624261809559,
        1.8522853240734194,
        1.768518436245802,
        1.683939055698674,
        1.6112657581887595,
        1.5788437128067017,
        1.5424993125403799,
        1.5495201640012788,
        1.5086257399582281,
        1.5084393227972634,
        1.4886325597763062,
        1.47520273196988,
        1.4685300704909534,
        1.4612483338611881,
        1.4684845180046269,
        1.4472243349726608,
        1.4377536744606205,
        1.443922066107029,
        1.4146010730324723,
        1.4127280537675067,
        1.3864159206064737,
        1.3746082928122543,
        1.4012715729271494,
        1.3403339705816129,
        1.3308163212566841,
        1.3289637303933866,
        1.3150180810835304,
        1.3003290193836863,
        1.3125286596577341,
        1.2664939310492538,
        1.2799354239207943,
        1.277968136275687,
        1.2284598263298594,
        1.3107957665513201,
        1.189163615063923,
        1.183783769607544,
        1.1840181292557135,
        1.2068124137273648,
        1.1817403915451794,
        1.1919366615574534,
        1.1452867839394547,
        1.1468109473949526,
        1.1835855681721756,
        1.1129538373249332,
        1.1876640029069854,
        1.1574707670909603,
        1.1829049005741026,
        1.0991203930319808,
        1.078191826983196,
        1.1118796395092476,
        1.105921399302599,
        1.062448411453061,
        1.0972654659573624,
        1.136161778031326,
        1.095736034032775,
        1.0858625246257316,
        1.0501257791751768,
        1.0499717026222042,
        1.0554599950953227,
        1.0255174578689947,
        1.0513740603516741,
        1.0363685895756978,
        1.033685341113951,
        1.0537951879385041,
        1.0510347122099342,
        1.0291742246325424,
        1.0346767480780439,
        1.0364290955590039,
        0.9991751022455169,
        0.9935492378909413,
        0.9903197899097349,
        0.985747812724695,
        0.9744575677848444,
        0.9735890132624928,
        0.9859601070241231,
        0.9648689017063234,
        0.9706533478527535,
        0.970914132711364,
        0.9628049644028268,
        0.9563707563935256,
        0.9712880224716373,
        0.9746800355794953,
        0.9638095614386768,
        0.9762578155936265,
        1.007919390027116,
        0.950330863638622,
        0.9882924236902376,
        0.937587947380252,
        0.9379331251470054,
        0.9438415009800981,
        0.9257657208093782,
        0.9442510474018935,
        0.9460157941027385,
        0.9000282345748529,
        0.9093941610033919,
        0.977627595750297,
        0.9168495303247033,
        0.9315030996392413,
        0.9192888111602969,
        0.9010940761100955,
        0.9003808193090486,
        0.9120799855488103,
        0.9064505856211592,
        0.9262337684631348,
        0.9366777641017262,
        0.9123291300564278,
        0.9052724402125288,
        0.9515915614802662,
        0.8913693224511495,
        0.8824498653411865,
        0.8756070791221247,
        0.8853463036258046,
        0.9232404508241793,
        0.9028834308066019,
        0.8683173322096104,
        0.85820731302587,
        0.8733579894391502,
        0.8954403618486916,
        0.8824721443943861,
        0.8891123082579636,
        0.8786449853966876,
        0.8698075849835466,
        0.8709900306492318,
        0.8779551866577893,
        0.8664567877606648,
        0.8937534820742723,
        0.8801977779807114,
        0.8474718971950251,
        0.8742652142920145,
        0.9059728456706535,
        0.8809080094825931,
        0.8839937884633134,
        0.8880202552167381,
        0.8691559433937073,
        0.8364710604272237,
        0.8623968624487156,
        0.8653400046069447,
        0.8573035001754761,
        0.849389910697937,
        0.8402041996397623,
        0.8706619652306161,
        0.8783987397100868,
        0.859128459197719,
        0.8599812257580641,
        0.8505021493609358,
        0.835940065907269,
        0.8774937260441664,
        0.8448858944381156,
        0.8370355367660522,
        0.8448259496107334,
        0.8413987348719341,
        0.8561418492619585,
        0.8504050112352138,
        0.8556464227234445,
        0.8622801463778426,
        0.8470370275218312,
        0.8721168840803751,
        0.8269419815482163,
        0.8394665834380359,
        0.8527541756629944,
        0.8319257672240095,
        0.8257920785648066,
        0.8157495594606167,
        0.8309243030664397,
        0.8581242677642078,
        0.8162820993400202,
        0.8535611542259774,
        0.8150700287121099,
        0.8074684782726008,
        0.8532758180688067,
        0.8445168617295056,
        0.833314828756379,
        0.8136803798559236,
        0.8264379297814718,
        0.8509311835940291,
        0.8372735991710569,
        0.8214342768599348,
        0.8048334281619002,
        0.8113805041080568,
        0.8542299314243037,
        0.8035585763977795,
        0.8027163787585933,
        0.8514233725826915,
        0.8105443425294829,
        0.8345021867170567,
        0.8231524185436528,
        0.8111893738188395,
        0.8060210419864189,
        0.8285930374773537,
        0.8538158303353844,
        0.8080227404105954,
        0.8043940459809652,
        0.8313761149964681,
        0.8126901315479744,
        0.8295252584829563,
        0.8007681704149013,
        0.7796923052973863,
        0.8061694357453323,
        0.8225390504046184,
        0.8028802261119936,
        0.8123401650568334,
        0.7876552386981684,
        0.8209499774909601,
        0.8154105398713088,
        0.7946211419454435,
        0.8087912550786647,
        0.8160009849362257,
        0.8012239889400762,
        0.8010121147807051,
        0.7954295815491095,
        0.8014265429682847,
        0.8048645417864729,
        0.8114603030972365,
        0.7773387533862416,
        0.8069865252913498,
        0.7978311210143857,
        0.7906280421629185,
        0.7928153843414493,
        0.8069147351311474,
        0.7910993360891575,
        0.7727261258334648,
        0.8019695907104306,
        0.8015885600229589,
        0.7720066323512937,
        0.7815444643904523,
        0.7890439774931931,
        0.7931076477213603,
        0.8185981962738967,
        0.8026183959914417,
        0.7993803053367429,
        0.8123929907635945,
        0.7941393605092677,
        0.791254361955131,
        0.7922709482472118,
        0.7666122448153612,
        0.7743062464202323,
        0.7797230583865468,
        0.788996003023008,
        0.7886495459370497,
        0.7625314288023042,
        0.7803901157728056,
        0.7851157828075129,
        0.7884567757932152,
        0.7718835327683425,
        0.8134460827199425,
        0.764032970114452,
        0.7636459600634691,
        0.803463373242355
    ],