{
    "input_params": {
        "file_path": "../data/wisdm_watch_full_40_encoded.npy",
        "n_channels": 12,
        "n_classes": 7,
        "sample_duration": 2,
        "batch_size": 128,
        "sample_time_modifier": 0.02,
        "dt": 0.001,
        "enabled_classes": [
            6,
            8
        ],
        "use_onehot_labels": true
    },
    "loss_t": [
        0.49923989852679146,
        0.4957504493674052,
        0.49403391548038755,
        0.4930019781147082,
        0.4924724197264799,
        0.4921774378756887,
        0.4917213738579111,
        0.49120288872227225,
        0.49070051404618725,
        0.4901830357374604,
        0.4895840115153912,
        0.4888883362111357,
        0.48836179830364346,
        0.48806983601186693,
        0.4877436425268036,
        0.4874486612904932,
        0.4872080447133054,
        0.4869644064264199,
        0.48671472963598583,
        0.48652143085125793,
        0.48633014449139234,
        0.4861509391327494,
        0.48595965523080725,
        0.48579957866177115,
        0.48558312377978846,
        0.48539385107374683,
        0.4852287437497955,
        0.48505457068227004,
        0.4849035586278463,
        0.4847535512496516,
        0.4846015262235071,
        0.48452904144513237,
        0.48440621593563826,
        0.48434077556600275,
        0.48423204532603625,
        0.48408405006546334,
        0.48408405098718466,
        0.4839280026475179,
        0.48373671720937356,
        0.48357764777448986,
        0.48345079649354994,
        0.4832695765593617,
        0.4831407125463191,
        0.48296553388084335,
        0.482855796199484,
        0.48266854052691116,
        0.4824893336320661,
        0.4823030817140009,
        0.4819738698988846,
        0.4817433218980573,
        0.48156210288559037,
        0.48141310387050984,
        0.4811563759120469,
        0.48090971929510845,
        0.48051708014969974,
        0.4801627004269472,
        0.4799834947610639,
        0.47977610224301054,
        0.47959689688436763,
        0.4794398420250293,
        0.4792314423728235,
        0.4788820934049862,
        0.4787421533741902,
        0.47857402311157937,
        0.47832333857251197,
        0.47792868761672186,
        0.4777343804688798,
        0.47754208912554474,
        0.4773497974749693,
        0.4771484443821858,
        0.4769994419874604,
        0.4768212456064126,
        0.4766319725931305,
        0.47642457915335584,
        0.4761769154022649,
        0.47604402070192947,
        0.47584568839712243,
        0.4756564166128021,
        0.47547620565620896,
        0.4753251914511022,
        0.4751782024029604,
        0.47502517454402965,
        0.4748016731026246,
        0.4744774929641448,
        0.47365597504930396,
        0.47346670172878147,
        0.47335595660602925,
        0.4732572946351828,
        0.4731687009334564,
        0.4730579551962233,
        0.47298748314995126,
        0.4728636480483812,
        0.47271867603370826,
        0.472606924084044,
        0.4725042354200304,
        0.4724106051258205,
        0.47232503129034925,
        0.4722465021708577,
        0.47218106272294347,
        0.4720773656958157,
        0.47198574905542984,
        0.47190218918102306,
        0.4717582224570599,
        0.4715780099642645,
        0.47149646374368176,
        0.4714269933012343,
        0.47134544738789197,
        0.4712689346873883,
        0.4711964471438496,
        0.47110583548693313,
        0.47103939136279,
        0.47097193733933046,
        0.4709095186793927,
        0.47082192842493353,
        0.4707242720520374,
        0.4705933937706898,
        0.47048969766528337,
        0.47043231098922256,
        0.47036485942368655,
        0.47029337624913636,
        0.47022995076228663,
        0.47015444273801194,
        0.4700598093037753,
        0.47001853185830655,
        0.46994906418102306,
        0.46988462971657824,
        0.4697799280132215,
        0.4697104606431784,
        0.46963193305988904,
        0.4695594452091099,
        0.46949400453223394,
        0.46940238912080984,
        0.4693178211905293,
        0.46926043574343024,
        0.4691788882938857,
        0.46910942276728523,
        0.4690530423036556,
        0.4689906218002752,
        0.46893424502353076,
        0.4688516904398338,
        0.46878322989670274,
        0.4687328888583429,
        0.46868959898801194,
        0.4686211390593617,
        0.4685718094565205,
        0.4685345577824976,
        0.468480193123375,
        0.4684379085437539,
        0.46840367796494786,
        0.46834226521020084,
        0.4682727990691195,
        0.46821239498472705,
        0.46817715573556645,
        0.46812077650089856,
        0.46805936589683456,
        0.4679798308721523,
        0.4679103625803879,
        0.4678519709208577,
        0.46783888370720383,
        0.46778653116570307,
        0.4677734427230874,
        0.4676868632896659,
        0.46766571869555207,
        0.46762041394243536,
        0.4675952469565205,
        0.467569071300251,
        0.4675277944692631,
        0.46747141185495045,
        0.46742912942601234,
        0.467371743057192,
        0.46730731166515155,
        0.4672680466445451,
        0.4672368359319943,
        0.4671774383672734,
        0.467136161843526,
        0.4671029387061129,
        0.4670737425691074,
        0.4670274297601169,
        0.46698212469975975,
        0.4669368214828452,
        0.466886482287928,
        0.46684721880352376,
        0.46682406209178806,
        0.4667787601038353,
        0.46674654194989157,
        0.4667092927337922,
        0.46665593367261987,
        0.4666106279977818,
        0.46655626364589964,
        0.4665170026194189,
        0.46648780371724946,
        0.46644249927137316,
        0.46640122336210665,
        0.46635390403344457,
        0.46632571472335105,
        0.46629953875984115,
        0.46625725633090304,
        0.4662431613686158,
        0.4662220183107042,
        0.46618979954227957,
        0.46615456336552336,
        0.4661243610160867,
        0.46607603731843616,
        0.4660397933930466,
        0.46601160223951044,
        0.46597234029130835,
        0.465945157193646,
        0.4659270352309512,
        0.465892805881107,
        0.46584951478181424,
        0.4658001824138091,
        0.46572668804335837,
        0.4656874257879159,
        0.4656481616890308,
        0.4656109106294888,
        0.46557265335751563,
        0.46553540414141625,
        0.46550620677544896,
        0.4654749975991003,
        0.4654468092107281,
        0.46540351841867583,
        0.465370294052301,
        0.4653249896064247,
        0.46530284125780325,
        0.46527666375809107,
        0.465240422290625,
        0.46521223420949326,
        0.4651759887479015,
        0.4651387383028404,
        0.465090413990709,
        0.46506121693198216,
        0.46502094723514675,
        0.4649917514053817,
        0.46495147986510366,
        0.4649081887658109,
        0.46487597184082896,
        0.46484677724002565,
        0.4648175795668179,
        0.4647783154679328,
        0.46474911994540813,
        0.4647108642096372,
        0.4646705926693592,
        0.4646293143021692,
        0.4646051516852428,
        0.4645618608931905,
        0.464531657929273,
        0.46450346861917946,
        0.46447527838736463,
        0.4644299739414884,
        0.46433433337309926
    ],