{
    "input_params": {
        "file_path": "../data/4bit_spikeset_PHASE_full.npy",
        "n_channels": 12,
        "n_classes": 7,
        "dt": 0.05,
        "sample_duration": 2,
        "batch_size": 1024,
        "sample_time_modifier": 1,
        "enabled_classes": [
            13,
            15,
            16,
            17
        ]
    },
    "loss_t": [
        1.387495959798495,
        1.3720667958259583,
        1.3730417390664418,
        1.37771837413311,
        1.3708221366008122,
        1.3674384256203969,
        1.3597059299548466,
        1.3611778169870377,
        1.35798013707002,
        1.3564539800087612,
        1.3660964419444401,
        1.3556493818759918,
        1.3511605709791183,
        1.3472468455632527,
        1.3461638043324153,
        1.3473120381434758,
        1.3363779882589977,
        1.3277713060379028,
        1.3119636873404186,
        1.3077816714843113,
        1.3340409994125366,
        1.3079930990934372,
        1.3113747388124466,
        1.3038195470968883,
        1.3000762114922206,
        1.2902737508217494,
        1.2733355611562729,
        1.268363669514656,
        1.2744050522645314,
        1.2587807675202687,
        1.3075011322895687,
        1.3036400626103084,
        1.2644993017117183,
        1.2504371503988903,
        1.240070437391599,
        1.2600729564825695,
        1.2371719578901927,
        1.2212532411019008,
        1.2173161059617996,
        1.212245802084605,
        1.2626538177331288,
        1.290798728664716,
        1.2325150320927303,
        1.2345344523588817,
        1.2299734304348628,
        1.22080131371816,
        1.2585996588071187,
        1.2736477255821228,
        1.1960493077834446,
        1.2056756168603897,
        1.2891947378714879,
        1.2256173590819042,
        1.1987130641937256,
        1.201565330227216,
        1.1921122074127197,
        1.1729209174712498,
        1.2241579592227936,
        1.193677802880605,
        1.1564420610666275,
        1.1263936112324398,
        1.3035690784454346,
        1.1908059219519298,
        1.1930329551299412,
        1.1857808878024418,
        1.156916583577792,
        1.1137622495492299,
        1.158335934082667,
        1.1926609774430592,
        1.1308825711409252,
        1.183638830979665,
        1.246058464050293,
        1.1951009631156921,
        1.1314303278923035,
        1.1435011525948842,
        1.1214134295781453,
        1.1385322511196136,
        1.1453231672445934,
        1.1529722809791565,
        1.1034684280554454,
        1.071311242878437,
        1.1427126576503117,
        1.12864850461483,
        1.09975761671861,
        1.122176135579745,
        1.1099904129902523,
        1.1321795831123989,
        1.1138005654017131,
        1.0776558344562848,
        1.099542831381162,
        1.099034880598386,
        1.1287329196929932,
        1.1009731193383534,
        1.083627387881279,
        1.0765623251597087,
        1.0702874511480331,
        1.0802013451854389,
        1.1295500447352727,
        1.1215988397598267,
        1.0937421048680942,
        1.1036622673273087,
        1.0893478492895763,
        1.058111160993576,
        1.0860521346330643,
        1.0605634823441505,
        1.06796079625686,
        1.0610380495587985,
        1.1302603607376416,
        1.0938223401705425,
        1.0462456072370212,
        1.047677144408226,
        1.0639655143022537,
        1.075903517504533,
        1.0652904535333316,
        1.0606587057312329,
        1.0239842360218365,
        1.0486221015453339,
        1.0445900385578473,
        1.0261632824937503,
        1.0613437046607335,
        1.031856099764506,
        1.046362097064654,
        1.060298132399718,
        1.0485242779056232,
        1.049604281783104,
        1.033390574157238,
        1.0203339457511902,
        1.030650702615579,
        1.0198104406396549,
        1.0092617124319077,
        1.0215014268954594,
        1.0481835876901944,
        1.081487774848938,
        1.0874618118007977,
        1.0740595484773319,
        1.0204278479019802,
        1.026212935646375,
        1.0410657078027725,
        1.0246070896585782,
        1.0223414972424507,
        1.060557725528876,
        1.0352528567115467,
        1.0183946092923482,
        1.0562618896365166,
        1.0248574142654736,
        1.03699242323637,
        1.0284661253293355,
        0.9993279601136843,
        1.1086138611038525,
        1.0292431265115738,
        0.9886963069438934,
        1.0179911305507023,
        1.0439539104700089,
        1.0853669345378876,
        1.0738028263052304,
        1.0643414010604222,
        0.9998936330278715,
        1.0041314115126927,
        1.015326517323653,
        1.0021564240256946,
        1.04060165087382,
        1.0144658113519351,
        0.9909004122018814,
        1.0413839916388195,
        1.0122369329134624,
        1.0004586403568585,
        0.9838088974356651,
        1.0140676498413086,
        1.0075008571147919,
        1.0705686534444492,
        1.0494719222187996,
        1.0327165002624195,
        0.9953094025452932,
        0.9873494183023771,
        1.0063040380676587,
        1.0288480843106906,
        0.9939304639895757,
        1.01741058131059,
        0.9879568268855413,
        0.976954792936643,
        0.9729107941190401,
        1.0174560993909836,
        0.9997875268260638,
        1.019681120912234,
        1.0113415668408077,
        0.9863732432325681,
        0.9821556309858958,
        0.9890499090154966,
        1.0321503356099129,
        0.9975924988587698,
        0.9626615072290102,
        0.9956116328636805,
        0.9732669045527776,
        0.9935857678453127,
        1.0366177260875702,
        1.026783287525177,
        0.9615659241875013,
        0.9815702140331268,
        1.0061594272653263,
        0.9744024028380712,
        1.0096591388185818,
        1.0162598292032878,
        1.0099411060412724,
        0.9978150402506193,
        0.9752285182476044,
        0.9813457553585371,
        0.9933268850048383,
        0.9705579802393913,
        0.9670881827672323,
        0.9553763444224993,
        0.9802194411555926,
        1.0070835302273433,
        0.9712885841727257,
        0.986835611363252,
        1.0123123476902645,
        0.9835616846879324,
        0.9529198805491129,
        1.0455121969183285,
        1.0168723811705906,
        0.9897152160604795,
        1.017727921406428,
        0.9979784364501635,
        0.9983364244302114,
        0.9808393990000089,
        1.0016884803771973,
        0.9738677317897478,
        0.9900645166635513,
        0.9624897316098213,
        0.9705892329414686,
        0.9553242499629656,
        0.9497896581888199,
        0.9781652341286341,
        0.9587280998627344,
        0.9652208859721819,
        1.0180779720346134,
        0.9838572616378466,
        0.9469235092401505,
        0.9688599854707718,
        0.9741403038303057,
        0.9864850267767906,
        0.9578653201460838,
        1.0453362812598546,
        0.9865722308556238,
        0.9639736687143644,
        1.013439287741979,
        0.9573640649517378,
        0.9907882263263067,
        0.9590592607855797,
        0.9716051245729128,
        0.9866183226307234,
        0.9368842964371046
    ],