{
    "input_params": {
        "file_path": "../data/wisdm_watch_full_40_encoded.npy",
        "n_channels": 12,
        "n_classes": 7,
        "dt": 0.05,
        "sample_duration": 2,
        "batch_size": 1024,
        "sample_time_modifier": 1,
        "enabled_classes": [
            1,
            6,
            7,
            8,
            13,
            14,
            17
        ]
    },
    "loss_t": [
        2.1312597960960575,
        1.9535439014434814,
        1.8957841599859842,
        1.812203322968832,
        1.7469690107717746,
        1.635399975427767,
        1.5765404933836402,
        1.5268542853797353,
        1.489814429748349,
        1.466560325971464,
        1.452752831505566,
        1.4114538547469349,
        1.2632426779444625,
        1.1763877287143614,
        1.133024358167881,
        1.0958255151423013,
        1.0773447126877018,
        1.0555019087907744,
        1.0470421386928093,
        1.0463601234482556,
        1.0301814849783735,
        1.0144590749973204,
        1.0017936273318966,
        0.9941196179971462,
        0.9951968294818226,
        0.9790732918716059,
        0.9671220764881228,
        0.9778336591836883,
        0.9703898589785506,
        0.9443731976718437,
        0.9638470280461195,
        0.936786974348673,
        0.9443204853592849,
        0.968788222568791,
        0.9529722623708772,
        0.9313290482614098,
        0.9181013296290141,
        0.9252892863459703,
        0.9051140110667159,
        0.9187633235280107,
        0.9199110429461409,
        0.8988445459342584,
        0.9079146588720927,
        0.8969900201006633,
        0.9380784034729004,
        0.902242272365384,
        0.8789560911132068,
        0.8882341006907021,
        0.9032016105768157,
        0.8856797000256981,
        0.8817618954472426,
        0.8840634052346392,
        0.8817631747664475,
        0.8707132920986269,
        0.8773487253886897,
        0.8852028483297767,
        0.8753214129587499,
        0.8801453418847991,
        0.8802486469105977,
        0.8534931816705843,
        0.8684441011126448,
        0.8668653296261299,
        0.8644923902139431,
        0.8820037129448681,
        0.8539325565826602,
        0.8665639002148698,
        0.8669913004084331,
        0.8596294086153914,
        0.8477200502302589,
        0.8494898604183663,
        0.8556565991262111,
        0.8513032968451337,
        0.842632119248553,
        0.8568501995831002,
        0.8383370637893677,
        0.8673869749394859,
        0.8319682769659089,
        0.8312399619963111,
        0.831588172331089,
        0.834748800207929,
        0.8241324322979625,
        0.8346631643248767,
        0.8327170813955912,
        0.8371482578719535,
        0.8338887822337266,
        0.8214022909722677,
        0.8194285485802627,
        0.8303114510164028,
        0.8058591877541891,
        0.8181985645759396,
        0.8050676744158675,
        0.8181282892459776,
        0.8441016819418931,
        0.8173965651814531,
        0.8186335025764093,
        0.8210559734484044,
        0.8280457956034962,
        0.8244811630830532,
        0.8164660916095827,
        0.8181836575996585,
        0.8107849795643877,
        0.8121061077932032,
        0.8133083014953427,
        0.8191549981512675,
        0.7959552203736654,
        0.7980279006609102,
        0.8022712120195714,
        0.7930621141340675,
        0.8021836905944638,
        0.8331115987242722,
        0.7954243625082621,
        0.789021537071321,
        0.7965033795775437,
        0.7988966499886861,
        0.7981437168470243,
        0.8099412452883836,
        0.8074457209284712,
        0.7998414359441618,
        0.8110445229018607,
        0.7890001971547197,
        0.7815014938028847,
        0.8049029998662995,
        0.8080039882078404,
        0.8052037983405881,
        0.7954555866194934,
        0.8008463615324439,
        0.7909220500690181,
        0.7936980433580352,
        0.7886063979893196,
        0.8053999630416312,
        0.7743038593268976,
        0.7891687227458488,
        0.8034537143823577,
        0.7974342224074573,
        0.7930710577383274,
        0.7784878291734835,
        0.7994571691606103,
        0.7946340630694133,
        0.8228571298645764,
        0.7881359676035439,
        0.7799322139926073,
        0.7859212770694639,
        0.77614000948464,
        0.7899051584848543,
        0.8019311050089394,
        0.7798536448943906,
        0.784399398943273,
        0.785202814311516,
        0.7875683961845026,
        0.7866935511914696,
        0.7777065431199423,
        0.7809266942303356,
        0.7871546425470491,
        0.7748031078315363,
        0.7890098705524351,
        0.7780791622836415,
        0.7699160168810588,
        0.7719411137627392,
        0.7764833569526672,
        0.7689992654614333,
        0.7668118622244858,
        0.7735973989091268,
        0.7739932900521813,
        0.7599409484281773,
        0.7717355082674724,
        0.7650773786916966,
        0.7793391768525286,
        0.7798595719221162,
        0.7619914819554585,
        0.7657323712255897,
        0.7640894913091892,
        0.7805065585345756,
        0.778467925583444,
        0.7558020920288272,
        0.7737126612081761,
        0.7550099390309032,
        0.7758863350240196,
        0.7676559890188822,
        0.7628670683721217,
        0.7591561442468224,
        0.7658469182689015,
        0.7771101332292324,
        0.7629070907104306,
        0.7593753207020644,
        0.7656974225509457,
        0.7677777147874599,
        0.7603321409806972,
        0.7574172688693535,
        0.7539181767440424,
        0.7504170377080034,
        0.74869988022781,
        0.7653171492785942,
        0.7511466349043497,
        0.7615659992869307,
        0.781741276019957,
        0.7594873759804702,
        0.748973985997642,
        0.7699274333511911,
        0.758806602257054,
        0.7621293416837367,
        0.7820233353754369,
        0.7568718485715913,
        0.7648321928047552,
        0.7619015545379825,
        0.7679113963755165,
        0.7525946570605766,
        0.7575868920582097,
        0.754545336816369,
        0.7540335945966767,
        0.7474257524420576,
        0.7630932723603597,
        0.760331334137335,
        0.7446487676806566,
        0.7576323427805086,
        0.7570927244860951,
        0.7613619144369916,
        0.7589880576947841,
        0.7343987560853725,
        0.7462464716376328,
        0.7551982853470779,
        0.7410924827180257,
        0.749271827500041,
        0.7348281392237035,
        0.7510234655403509,
        0.7394842360077835,
        0.7438640042049128,
        0.7856713257184843,
        0.7536839697419143,
        0.7425973313610729,
        0.7267424551452079,
        0.7339531503072599,
        0.7343761993617546,
        0.7304979010326106,
        0.7406948194271181,
        0.7314624655537489,
        0.7372995673156366,
        0.7366246842756504,
        0.7345786123740964,
        0.72527366731225,
        0.7311565105508013,
        0.739747182625096,
        0.7252837623037943,
        0.7277208741118268,
        0.722229919782499,
        0.7326892352685695,
        0.7328785192675706,
        0.7306818773106831,
        0.7367554772190932,
        0.7422655326564137,
        0.7304971218109131
    ],