{
    "input_params": {
        "file_path": "../data/wisdm_watch_full_40_encoded.npy",
        "n_channels": 12,
        "n_classes": 7,
        "dt": 0.05,
        "sample_duration": 2,
        "batch_size": 1024,
        "sample_time_modifier": 1,
        "enabled_classes": [
            1,
            6,
            7,
            8,
            13,
            14,
            17
        ]
    },
    "loss_t": [
        1.7628299317708829,
        1.5036817963530378,
        1.405082461310596,
        1.3247369178911534,
        1.2927657714704188,
        1.2958359718322754,
        1.2597205987790736,
        1.249155879020691,
        1.1007664421709573,
        1.0497275387368552,
        1.4826108130013071,
        1.1486679242878426,
        1.0673523414425734,
        1.022766748579537,
        1.0261035256269502,
        1.0200841252396746,
        0.9941969993637829,
        0.9677519318534107,
        0.9905567183727171,
        0.9568255398331619,
        1.342686141409525,
        1.0497736611017368,
        0.9953474780408348,
        0.9967200101875677,
        0.8638802025376296,
        0.7226065353649419,
        0.7229103605921675,
        0.7105254661746141,
        0.6725312485927488,
        0.6681592449909304,
        0.9465207966362558,
        0.7445013886544762,
        0.6982556697798938,
        0.6990357303037876,
        0.7096208915477846,
        0.7215235727589305,
        0.6496169828787083,
        0.6358277783161257,
        0.6381723270183657,
        0.6212265317032977,
        0.8366266241887721,
        0.7048135312592111,
        0.6981877829970383,
        0.6632920096560222,
        0.6976934482411641,
        0.6548382625347231,
        0.6211461395752139,
        0.6507470767672469,
        0.6062643077315354,
        0.6237525154904622,
        0.7528395521931532,
        0.6772140889632993,
        0.6795492870051686,
        0.6603361179188985,
        0.6539900709943074,
        0.6350903685499982,
        0.6299251347053342,
        0.6381781464669762,
        0.6402691282877108,
        0.6116873956308132,
        0.7477219250144028,
        0.6577135804222851,
        0.6382069878461885,
        0.6487917856472295,
        0.6584107904899411,
        0.625622768227647,
        0.5901661820527984,
        0.616122990119748,
        0.6187999670098467,
        0.6076843302424361,
        0.686479537952237,
        0.6759646956513568,
        0.6408116715710338,
        0.6248128864823318,
        0.6184303673302255,
        0.5978549588017348,
        0.5952351420390897,
        0.5984520883094974,
        0.5907329313638734,
        0.5979068475525554,
        0.6864395708572574,
        0.620557238415974,
        0.6152537348793774,
        0.6167497634887695,
        0.6684516043197818,
        0.6032495106138834,
        0.5919421518721232,
        0.5985582376398692,
        0.5883197399174295,
        0.5885986547644545,
        0.6544829301717805,
        0.6133347153663635,
        0.6322612515309962,
        0.6208722344258937,
        0.6769566143431315,
        0.6015212913838829,
        0.5764616931357035,
        0.5952666699886322,
        0.5942705411736559,
        0.5584414950231227,
        0.6292308118285203,
        0.5928508537571605,
        0.5771939449194001,
        0.6229604918782304,
        0.6103202220870227,
        0.6003026526148726,
        0.5948744343548287,
        0.5955595025202123,
        0.5823806364361833,
        0.5758181577775536,
        0.6404843562986793,
        0.6064848739926408,
        0.6124391802927343,
        0.6049352869754885,
        0.5530094853261622,
        0.5637937020964738,
        0.5811255298009733,
        0.5912227456162615,
        0.5589747218097129,
        0.5518951612274822,
        0.6178154698232325,
        0.5649655170556975,
        0.5764689554528493,
        0.5574515621836592,
        0.5835128542853565,
        0.6005089355678093,
        0.5640466656626725,
        0.5895729668256713,
        0.5721858543593709,
        0.5518537316380477,
        0.5948652944913725,
        0.6148879251829008,
        0.5836646862146331,
        0.5766396035508412,
        0.5864377247124184,
        0.5860936925178621,
        0.5711757351712483,
        0.5620583085025229,
        0.5669998250356535,
        0.5842653309426656,
        0.6041656587182022,
        0.591735922708744,
        0.6082513143376607,
        0.6011868380918736,
        0.5588163689869207,
        0.5471291832807588,
        0.5495734323815602,
        0.565951027521273,
        0.5604035788919868,
        0.5602237015235715,
        0.5743894918662745,
        0.5932657595087842,
        0.5937935928019081,
        0.5928070392550492,
        0.575413003200438,
        0.5874415199931075,
        0.5459733067489252,
        0.560770241952524,
        0.5745887552819601,
        0.5456976607078459,
        0.561243829203815,
        0.5678756680430436,
        0.57710731829085,
        0.6209073684564451,
        0.5706649349956978,
        0.6060168546874348,
        0.5524809186051531,
        0.5524947599666875,
        0.5527887235327464,
        0.5338131625477861,
        0.5665447857321763,
        0.5398147782174553,
        0.5720010341667547,
        0.5446551158660795,
        0.6141060430829118,
        0.5624631839554485,
        0.5415456345895442,
        0.5632422958932272,
        0.5670657492265468,
        0.5349122234960881,
        0.578214968123087,
        0.5955317471085525,
        0.556769518590555,
        0.5685960933929537,
        0.6612755946996736,
        0.5450124965935219,
        0.5598936887775979,
        0.5481287153755746,
        0.534663183660042,
        0.5373917977984358,
        0.5740884011838494,
        0.5585588638375445,
        0.5656881986594782,
        0.5562958143106321,
        0.546577991508856,
        0.5431647824078072,
        0.542154469868032,
        0.5222382952527302,
        0.5420100274609356,
        0.5219836540338469,
        0.5729715082703567,
        0.5720591363383503,
        0.576059135721951,
        0.5646513598721202,
        0.5628414263085622,
        0.5596127146627845,
        0.5560770470921587,
        0.5425363277516714,
        0.5374493984187522,
        0.5680168031192407,
        0.5417284165940633,
        0.5616746653870839,
        0.5501543079934469,
        0.5671818896037776,
        0.5415014014011477,
        0.5390289454925351,
        0.5151084654214906,
        0.5561945314814405,
        0.5209643840789795,
        0.5022868768471044,
        0.6012389194674608,
        0.5400595875774942,
        0.5452826582803959,
        0.5587685711500121,
        0.5250784762021972,
        0.5255389119066843,
        0.5177365083520006,
        0.5447602853542421,
        0.507938505672827,
        0.5486010160388016,
        0.5387193662364308,
        0.542655472348376,
        0.5399796388498167,
        0.5662600616129433,
        0.5306105032199766,
        0.530753551459894,
        0.550606740684044,
        0.5102244070390376,
        0.5175302152226611,
        0.5214974422280382,
        0.537374363439839,
        0.5469891385334295,
        0.5297913631288017,
        0.5289828653742628,
        0.5503688432821413,
        0.5292969251551279,
        0.5059316914256026,
        0.5161023314406232,
        0.5368794558978662,
        0.5212338959298483
    ],