{
    "input_params": {
        "file_path": "../data/wisdm_watch_full_40_encoded.npy",
        "n_channels": 12,
        "n_classes": 7,
        "dt": 0.05,
        "sample_duration": 2,
        "batch_size": 1024,
        "sample_time_modifier": 1,
        "enabled_classes": [
            1,
            6,
            7,
            8,
            13,
            14,
            17
        ]
    },
    "loss_t": [
        1.9419751487127164,
        1.90615149242122,
        1.804947655375411,
        1.7558500883055896,
        1.7567309722667788,
        1.7227057363928817,
        1.6881920680767153,
        1.6754309229734468,
        1.6600464669669546,
        1.6735122116600596,
        1.8789316095956943,
        1.6613691114797824,
        1.5660879001384829,
        1.5454042481213082,
        1.5085444828359091,
        1.503499571870013,
        1.4697169298078956,
        1.3586289708207293,
        1.3157544048821055,
        1.2887478805169827,
        1.5859905684866555,
        1.3808607996963873,
        1.3127524445696575,
        1.3112386901204178,
        1.2547964933441906,
        1.2610746040576841,
        1.2537258543619296,
        1.2483824753179782,
        1.2235167986009179,
        1.2360770527909442,
        1.422586077597083,
        1.2824589450184891,
        1.2780924453967955,
        1.248035646066433,
        1.257989301914122,
        1.2388632675496543,
        1.2254309189028856,
        1.2354058201720075,
        1.195659512426795,
        1.184821573699393,
        1.355961165777067,
        1.2760668353336613,
        1.1603383872567155,
        1.0068938659458626,
        0.9900509555165361,
        0.9675105068741775,
        0.9618133728097125,
        0.9344477842493755,
        0.9347746503062364,
        0.9602614364972929,
        1.0103055093346573,
        0.8155468891306621,
        0.7551850661998842,
        0.7405316989596297,
        0.7669732570648193,
        0.6919355043550817,
        0.6675045533878047,
        0.6778505720743319,
        0.6469559276976237,
        0.6278984982792924,
        0.8334839867382515,
        0.752970047113372,
        0.7015595973991766,
        0.6570481905123082,
        0.6661620808810722,
        0.6492378769851312,
        0.6125514667208601,
        0.6180806596104692,
        0.6109459225724383,
        0.5968209679533796,
        0.7200371332284881,
        0.641346688677625,
        0.6646376194023504,
        0.6480721380652451,
        0.6296694831150335,
        0.6233684231595296,
        0.6292300340605945,
        0.690729996053184,
        0.6079763944556074,
        0.5920392769138988,
        0.6822904115769921,
        0.6341509615502706,
        0.6189029972727705,
        0.619221658241458,
        0.5874494256042853,
        0.644848479003441,
        0.6174887767652186,
        0.5767113319257411,
        0.5938391322042884,
        0.579699563543971,
        0.6752865314483643,
        0.627553295798418,
        0.6058131267384785,
        0.6289340940917411,
        0.6095511622545196,
        0.5937930679902798,
        0.6157695040470217,
        0.5974949794571575,
        0.556630559810778,
        0.5423590940673176,
        0.6495662506033735,
        0.6168722699328166,
        0.5884564678843428,
        0.5955581170756642,
        0.5703207370711536,
        0.5678210919950066,
        0.6469041770551263,
        0.5819351382371856,
        0.582323580253415,
        0.5391194406079083,
        0.6470141977798648,
        0.7879004798284391,
        0.6330661773681641,
        0.6058802284845491,
        0.6068832699845477,
        0.5643632666366857,
        0.5661021776315642,
        0.5646599901885521,
        0.6082043386087185,
        0.5582926069817892,
        0.6431999599061361,
        0.6031465893838464,
        0.602325802896081,
        0.5566315018549198,
        0.5602759282763411,
        0.5451029793518346,
        0.5348142014770974,
        0.5682683725182603,
        0.5621524285979387,
        0.5386127189892095,
        0.6053394101014952,
        0.5946024961587859,
        0.5566080423389993,
        0.5774959740115375,
        0.571630663261181,
        0.5397415517306909,
        0.5362066953647427,
        0.5450057699912931,
        0.5120973034602839,
        0.5327558873630152,
        0.633313263334879,
        0.569602783133344,
        0.5512553845963827,
        0.5475997423253408,
        0.5788560102625591,
        0.532663865787227,
        0.5450309507730531,
        0.6243647038936615,
        0.540435123007472,
        0.5380644442104712,
        0.5747221446618801,
        0.5536102492634843,
        0.5407839998966311,
        0.5336104122603812,
        0.5599981386487077,
        0.5230042600050205,
        0.5532937922128817,
        0.5118640879305397,
        0.5362012284557994,
        0.530916286677849,
        0.6049799781020094,
        0.570742756855197,
        0.5271468024428297,
        0.56000744278838,
        0.5216577641847657,
        0.5164921966994681,
        0.5720903124751114,
        0.5335724470092029,
        0.5189044606394884,
        0.5213044242161077,
        0.570525107587256,
        0.5916746782093514,
        0.5514292338999306,
        0.5381313889491849,
        0.5345669883053478,
        0.5392380502165818,
        0.5316699023653821,
        0.4767407971184428,
        0.5240702454636736,
        0.5637722742266771,
        0.6046885004857692,
        0.6141679730357194,
        0.5508230902799746,
        0.5466489493846893,
        0.5379192821863221,
        0.5283678035910536,
        0.5152913317447756,
        0.5257519527179438,
        0.5299646200203314,
        0.515484003759012,
        0.5515329176332893,
        0.5544081766430925,
        0.5481030257736764,
        0.5479630035598103,
        0.5052938265044514,
        0.5397476931897606,
        0.5068878655026599,
        0.5153288637719503,
        0.5172332939578266,
        0.5320145378752452,
        0.5724742841429826,
        0.5105890231888469,
        0.5358338763074177,
        0.5151923342448909,
        0.5004272700809851,
        0.523441468797079,
        0.5004210719248143,
        0.49081395166676217,
        0.5056827031984562,
        0.49636176010457483,
        0.5377074341948439,
        0.5131339685219091,
        0.4870926839549367,
        0.5180048448283497,
        0.5627722151395751,
        0.5144404274661366,
        0.4994275402732012,
        0.5258178769088373,
        0.5294826532282481,
        0.49364656282634267,
        0.5370052027993086,
        0.5268840201017333,
        0.5208456741600502,
        0.523767285957569,
        0.4807400427213529,
        0.5185778606228713,
        0.499562317278327,
        0.46817580519652946,
        0.5155688277105006,
        0.5142364996235546,
        0.5501774920196068,
        0.5199798469136401,
        0.5228621727082787,
        0.4999995980320907,
        0.4943296102488913,
        0.47472275321076557,
        0.4784771581975425,
        0.48637253627544497,
        0.6232015330617021,
        0.5152167496157856,
        0.5297738844301643,
        0.5203192982731796,
        0.5061636479889474,
        0.5013872188765828,
        0.5026443200867351,
        0.47435957920260546,
        0.48813758099951393,
        0.48256202514578656,
        0.4658980471331899,
        0.4558900965423119
    ],