{
    "input_params": {
        "file_path": "../data/wisdm_watch_full_40_encoded.npy",
        "n_channels": 12,
        "n_classes": 7,
        "dt": 0.05,
        "sample_duration": 2,
        "batch_size": 1024,
        "sample_time_modifier": 1,
        "enabled_classes": [
            1,
            6,
            7,
            8,
            13,
            14,
            17
        ]
    },
    "loss_t": [
        8.690083224598954,
        4.89631672603328,
        2.611189917820256,
        2.0895385451433137,
        1.9932759389644716,
        1.946196422344301,
        1.9025999627462247,
        1.8536729172962467,
        1.7956412914322644,
        1.7391741479315408,
        1.675111290885181,
        1.6173374187655565,
        1.5895147963268002,
        1.5539233248408248,
        1.541183442604251,
        1.522559948083831,
        1.5050532527086211,
        1.4868600920933048,
        1.4849747157678372,
        1.4670758567205289,
        1.4547909178384921,
        1.438560779501752,
        1.434577101614417,
        1.399388461578183,
        1.3555323379795725,
        1.3294055636336164,
        1.3182533543284347,
        1.3089178538903958,
        1.2965561296881698,
        1.2791787880222971,
        1.278858902977734,
        1.2771783253041709,
        1.2697959236982392,
        1.2631508344557227,
        1.2538726765935013,
        1.2531667308109562,
        1.2292451713143326,
        1.2298016344628684,
        1.2410300214116166,
        1.219596679617719,
        1.2213253480632131,
        1.218968440846699,
        1.2221880540615175,
        1.2125729322433472,
        1.2145084055458628,
        1.2113543545327536,
        1.200416724856307,
        1.2165370598071958,
        1.2075216334040573,
        1.1937375010513678,
        1.2043353261017218,
        1.201190710067749,
        1.181441315790502,
        1.2021036206222162,
        1.174237501330492,
        1.1807284994823177,
        1.1756122054123297,
        1.1703055137541236,
        1.1388204824633714,
        1.1022275279207927,
        1.0752512623624104,
        1.0654924831739285,
        1.0447089817465804,
        1.033913823162637,
        1.0305759267109196,
        1.0250314968388254,
        1.0263316718543447,
        1.0064889396109231,
        0.9959486911936504,
        0.9911611356386324,
        0.987165506293134,
        0.9817177304407445,
        0.987768539568273,
        0.9780720952080517,
        0.9792893674315476,
        0.9613151332227196,
        0.9687732458114624,
        0.966180352176108,
        0.9662107200157352,
        0.9691761586724258,
        0.9685148494999584,
        0.9554941029083438,
        0.9607799053192139,
        0.9597120183270152,
        0.9655129458846116,
        0.9543676478106801,
        0.9461028677661244,
        0.9491270039139724,
        0.9527004114011439,
        0.9490225663999232,
        0.9563503541597506,
        0.958048526833697,
        0.9520473843667565,
        0.9459209253148335,
        0.9585239538332311,
        0.9438245238327398,
        0.9336963354087457,
        0.9513395239667195,
        0.9370046185284127,
        0.9516312247369347,
        0.9393121512924753,
        0.9241284146541502,
        0.9356133080110317,
        0.9345556294045797,
        0.9411753779504357,
        0.9331922967259477,
        0.9270650221080314,
        0.9251276167427621,
        0.9262478351593018,
        0.9240184804288353,
        0.9365641780015899,
        0.929041597901321,
        0.9428719427527451,
        0.9238635912174131,
        0.9401228834943074,
        0.9267988074116591,
        0.9279061439560681,
        0.9260886020776702,
        0.9259610873896901,
        0.9220744444102775,
        0.9201079083652031,
        0.9351353398183497,
        0.9277540866921588,
        0.9274321518293241,
        0.9198154705326732,
        0.9239430456626706,
        0.9168326055131307,
        0.9214039604838301,
        0.9219070018791571,
        0.916029386404084,
        0.9253732838281771,
        0.9151976384767672,
        0.911014421683986,
        0.9132085239014974,
        0.915062955239924,
        0.921869942327825,
        0.9263552209226097,
        0.911400226558127,
        0.9177495444693217,
        0.9175654475281878,
        0.9136365521244887,
        0.9107839087160622,
        0.9178312551684495,
        0.9154424129462824,
        0.9138034160544233,
        0.9100377734114484,
        0.9125040202606015,
        0.908751401959396,
        0.9249744909565624,
        0.9164367347228818,
        0.9151657325465504,
        0.9020749853878487,
        0.9008645982277103,
        0.9069224581485842,
        0.8984345619271441,
        0.9107083809085008,
        0.9076111781887892,
        0.9159142273228343,
        0.9140700378069063,
        0.9030828839395104,
        0.9034573828301778,
        0.908304034209833,
        0.9156753057386817,
        0.915158591619352,
        0.9077092961567205,
        0.8995458033026719,
        0.9102922198249073,
        0.9032049120926275,
        0.893606507196659,
        0.9018778931803819,
        0.901632654957655,
        0.9058662754733388,
        0.9085401689133993,
        0.9004037525595688,
        0.8969333215457637,
        0.8973767902792954,
        0.9064332188629523,
        0.8994761981615206,
        0.8928295911812201,
        0.9041039638402986,
        0.8999710271998149,
        0.9018561374850389,
        0.9050299176355687,
        0.9013378794600324,
        0.8921744736229501,
        0.9072179300029103,
        0.8926818937790103,
        0.9034010462644624,
        0.9053833266583885,
        0.8868035746783745,
        0.9025792712118568,
        0.9052588300007146,
        0.8919291161909336,
        0.8960645213359739,
        0.8989824056625366,
        0.901169198315318,
        0.8929240427366117,
        0.8946592589704002,
        0.8936913580429263,
        0.8907393871284113,
        0.8903872981304075,
        0.884514686537952,
        0.8921038915471333,
        0.8914523633514962,
        0.8920918761230097,
        0.8957370854005581,
        0.9013141248284317,
        0.8896290761668507,
        0.8990843659493981,
        0.8886583403843206,
        0.8976281023607021,
        0.8922287647317095,
        0.8907622040771856,
        0.8915109445409077,
        0.895339359597462,
        0.8904742453156448,
        0.9004222794276912,
        0.8961629678563374,
        0.8927274651643706,
        0.896723904260775,
        0.9016660088446082,
        0.9138592772367524,
        0.8957004212751621,
        0.8896121237336135,
        0.8967639891112723,
        0.8993374545399736,
        0.8930215690194107,
        0.8907454871549839,
        0.8957686773160609,
        0.8867250855376081,
        0.8852987929088313,
        0.8935062739907241,
        0.8894980840566682,
        0.8854783787959959,
        0.8835472420948308,
        0.896201598935011,
        0.8935614955134508,
        0.8918203449830776,
        0.9046678848382903,
        0.89008959328256,
        0.8861694365012937,
        0.8972970174580086,
        0.8968666675614148,
        0.8866763798201956,
        0.8908811080746535,
        0.8939448798575053,
        0.8811408092335957,
        0.8932183239518142,
        0.8904332140596901,
        0.8830794561200026
    ],