{
    "input_params": {
        "file_path": "../data/4bit_spikeset_PHASE_full.npy",
        "n_channels": 12,
        "n_classes": 7,
        "dt": 0.05,
        "sample_duration": 2,
        "batch_size": 1024,
        "sample_time_modifier": 1,
        "enabled_classes": [
            1,
            6,
            7,
            8,
            13,
            14,
            17
        ]
    },
    "loss_t": [
        2.0616315690482536,
        1.6170896059129296,
        1.5200000507075613,
        1.50470559771468,
        1.4465642004478267,
        1.4202030112103718,
        1.416343834342026,
        1.400850912419761,
        1.3912119632813988,
        1.3724513519101027,
        1.6286477664621866,
        1.3583689201168898,
        1.2498707247943412,
        1.257196595029133,
        1.1922271658734578,
        1.145522620619797,
        1.1626692312519724,
        1.172011375427246,
        1.1508310422664736,
        1.1122293036158493,
        1.31107355327141,
        1.218247288610877,
        1.1383074231264068,
        1.105889568968517,
        1.1138784071294272,
        1.1263768789244861,
        1.098256625780245,
        1.0854509530997858,
        1.162103911725486,
        1.0770171662656272,
        1.1737189031228787,
        1.1229244761350679,
        1.0875878726563804,
        1.0782093536563035,
        1.0908841083689433,
        1.075509077165185,
        1.0880636878129912,
        1.0513710684892608,
        0.9559628163895956,
        0.8219178537043129,
        0.883529263298686,
        0.8401862179360738,
        0.8184703443108535,
        0.8169593491205355,
        0.8041187481182378,
        0.776936064406139,
        0.7588890180355166,
        0.7681358354847606,
        0.7501548790350193,
        0.7442708248045387,
        0.8688704676744414,
        0.772461119221478,
        0.7536134923376688,
        0.7897277474403381,
        0.7816639673419115,
        0.7473800153267093,
        0.7397608291812059,
        0.7265123768550593,
        0.7559607828535685,
        0.7216641728470965,
        0.7523893524960774,
        0.7361176464615798,
        0.7298358562516003,
        0.728170188461862,
        0.7341661932991772,
        0.7252099426781259,
        0.70492706356979,
        0.6818903074031923,
        0.6750838640259533,
        0.6843007744812384,
        0.7639224456577767,
        0.7399115606052119,
        0.6931203225763832,
        0.7025222458490511,
        0.7048121167392265,
        0.6866710971041423,
        0.6609718814128782,
        0.6691782619895005,
        0.6701238838637747,
        0.7047973827617925,
        0.7053494947712596,
        0.7072684256041922,
        0.6872677992029887,
        0.6744778984930457,
        0.6824682485766527,
        0.6964268466321434,
        0.6702300310134888,
        0.6677849772499829,
        0.6633129250712511,
        0.6715772166484739,
        0.696602926021669,
        0.6705419755563503,
        0.6926071992734584,
        0.6933022185069758,
        0.6849537782552766,
        0.6598925386987081,
        0.6533206294222575,
        0.6381268515819456,
        0.6520293471289844,
        0.641126935074969,
        0.6814981800753895,
        0.6863810870705581,
        0.7124682984701017,
        0.6497285089841703,
        0.6520017559935407,
        0.6541445793175116,
        0.6643573496399856,
        0.6496428949076954,
        0.6308618769413088,
        0.6288434688637896,
        0.661416776296569,
        0.6597370374493483,
        0.6372501108704544,
        0.6550308785787443,
        0.6577782543694101,
        0.6560202444471964,
        0.6564311515994188,
        0.6419097592190999,
        0.6716278733276739,
        0.62941834112493,
        0.6569783614902962,
        0.6500085316053251,
        0.6437973176560751,
        0.6667538387019459,
        0.6252801781747399,
        0.6406721356438427,
        0.6236562220061698,
        0.6381766912413807,
        0.6350426586662851,
        0.6168862392262715,
        0.6545273138255607,
        0.6489398116018714,
        0.6369346859978466,
        0.6316053692887469,
        0.6408307392422746,
        0.6287133940836278,
        0.6347346436686632,
        0.5940625391355375,
        0.6066039088295727,
        0.6312174302775685,
        0.6440193638568972,
        0.6412790824727315,
        0.6398550838958926,
        0.6526212939401952,
        0.616800754535489,
        0.6062455627976394,
        0.6281142903537285,
        0.6323803357961701,
        0.6577209554067472,
        0.6313826834283224,
        0.6522336863889927,
        0.636966363685887,
        0.6238453373676394,
        0.6387392064420189,
        0.6230850757622137,
        0.6171336188548948,
        0.6223754461218671,
        0.6134925063063459,
        0.6229223550819769,
        0.6071361012575103,
        0.6300840348732181,
        0.6362936598498646,
        0.6315748429879909,
        0.6106308117145445,
        0.6053505190988866,
        0.6053428824354963,
        0.5998171233549351,
        0.5851004021923717,
        0.589512131563047,
        0.6097073162474284,
        0.6214260706087438,
        0.6199419222226957,
        0.5938688589305412,
        0.609524106107107,
        0.6148565353416815,
        0.6003948820800316,
        0.615418454495872,
        0.6042900216288682,
        0.5854788975017827,
        0.5888925340117478,
        0.6180087749550982,
        0.6316741675865359,
        0.6215536696154896,
        0.6012793619458269,
        0.6173353805774595,
        0.5863273797965631,
        0.5899181075212432,
        0.5928540040807027,
        0.6104070297101649,
        0.5876308301600014,
        0.6436324526623982,
        0.6193183907648412,
        0.60561392074678,
        0.6158203395401559,
        0.583763491816637,
        0.611261760316244,
        0.5809443498530039,
        0.5932129468859696,
        0.5708264773938714,
        0.5949360582886672,
        0.6186603075120507,
        0.5769562226970021,
        0.6216349209227213,
        0.6002634429350132,
        0.6087199842057577,
        0.600373568331323,
        0.5894760525808102,
        0.5774488696237889,
        0.6063997178542905,
        0.6205478935706906,
        0.598661069462939,
        0.5915013101042771,
        0.6005193627462154,
        0.5881308360797602,
        0.5858832859411472,
        0.5896798648485323,
        0.6103792735716191,
        0.5824765701119493,
        0.5779930404046687,
        0.5842054166444918,
        0.6058385633840794,
        0.5778484613430209,
        0.5982997541020556,
        0.6099349972678394,
        0.5835471676617134,
        0.6004768987981285,
        0.5887347750547456,
        0.5775489094780712,
        0.571999703965536,
        0.5901466789768963,
        0.6238682648030723,
        0.5871681105799791,
        0.5759689953269028,
        0.5799059795170296,
        0.5708456344720794,
        0.6040466209737266,
        0.5704848620949722,
        0.5632312348703059,
        0.5936374417165431,
        0.5870429888004209,
        0.604530840385251,
        0.5678500322307029,
        0.5865066938283967,
        0.584321421094057,
        0.5803689404231746,
        0.5578772796363365,
        0.5781527793988949,
        0.5711919120172175,
        0.5721648044702483,
        0.5776392730270944
    ],