{
    "input_params": {
        "file_path": "../data/4bit_spikeset_PHASE_full.npy",
        "n_channels": 12,
        "n_classes": 7,
        "dt": 0.05,
        "sample_duration": 2,
        "batch_size": 1024,
        "sample_time_modifier": 1,
        "enabled_classes": [
            1,
            6,
            7,
            8,
            13,
            14,
            17
        ]
    },
    "loss_t": [
        3.2383550754407557,
        1.7583399487704765,
        1.6385331938906413,
        1.5992675583537033,
        1.5661479612676108,
        1.5499668557469437,
        1.6078889544417219,
        1.5067028795800559,
        1.5577829320256302,
        1.5976645132390463,
        1.5728994462548234,
        1.3701375606583386,
        1.3665060677179477,
        1.3582236214381893,
        1.358266647269086,
        1.281186679514443,
        1.257305549412239,
        1.2672382767607526,
        1.1932969500378865,
        1.2045463992328178,
        1.3315567941200444,
        1.2569708242648985,
        1.221799580062308,
        1.2041285997483788,
        1.1472858161461064,
        1.1534975738060185,
        1.1736676053303043,
        1.133371577030275,
        1.12411511380498,
        1.1224261813047456,
        1.215022912839564,
        1.1267410196909091,
        1.1401103473291165,
        1.1203520748673417,
        1.111856114573595,
        1.0883656347670205,
        1.0572447297049732,
        1.0777130781150446,
        1.0575475154853449,
        1.0790143187453107,
        1.128069057697203,
        1.1089562948157148,
        1.1024364407469587,
        1.108751298450842,
        1.0339146547201203,
        1.057057302172591,
        1.0659616938451442,
        1.0419247964533365,
        1.049282671474829,
        1.0613991429166096,
        1.06938939995882,
        1.0992339704094864,
        1.056428965998859,
        1.05055504455799,
        1.062784575834507,
        1.06859221254907,
        1.0034536384954684,
        1.0325528514094469,
        1.0515947080240018,
        1.0472466407752619,
        1.093513622516539,
        1.0407506503709933,
        1.032646216997286,
        1.0544322918101054,
        1.0321776241790959,
        1.0072936619200357,
        1.0150017752880003,
        0.9907234718159932,
        0.9846244090940894,
        0.997843762723411,
        1.0063355579608824,
        1.0333580709085233,
        1.0346600035341775,
        1.0595158440310781,
        1.000305744206033,
        1.0006618674208478,
        1.0209386261498057,
        1.0163712385224133,
        0.9628393504677749,
        0.9927364413331194,
        1.0458807945251465,
        0.9760302058080348,
        0.9925410863829822,
        0.9810613233868669,
        0.9844632250506703,
        0.9588075629094752,
        0.9853844337347077,
        0.9659359571410389,
        0.9449126982107395,
        0.952773012766024,
        1.006401355673627,
        1.0017363109239719,
        0.965533428075837,
        0.9351593706665969,
        0.8706886637501601,
        0.8880211754543025,
        0.8778050105746199,
        0.8420861218033767,
        0.8518418189955921,
        0.8140269779577488,
        0.8502864517816683,
        0.8145930287314624,
        0.7954359781451341,
        0.797604485255916,
        0.7885580353620576,
        0.8240104288589664,
        0.7863881355378686,
        0.7996316334096397,
        0.770292687706831,
        0.7414231620183805,
        0.8179876440908851,
        0.7764815964349886,
        0.8338922044125999,
        0.8190272421371646,
        0.7349648388420663,
        0.7499616000710464,
        0.7654634510598531,
        0.7583414984912407,
        0.7332744511162362,
        0.7311414756425997,
        0.7637801926310469,
        0.7540570250371608,
        0.7173618368986177,
        0.6932979531404448,
        0.7518950671684451,
        0.725483296847925,
        0.6975386695164006,
        0.7244443588140534,
        0.7025384568586582,
        0.738373949760344,
        0.7257992727000538,
        0.7508048080816502,
        0.6989048239661426,
        0.7240822198914318,
        0.6969508979378677,
        0.6709060131049738,
        0.6804726225573842,
        0.6929360875269261,
        0.6588713337735432,
        0.6601931990646734,
        0.7129428226773332,
        0.6999299337224263,
        0.713814121920888,
        0.732249403872141,
        0.6865134428187114,
        0.6689605058693304,
        0.659878150718968,
        0.6567421482830513,
        0.6710745677715395,
        0.6853599170359169,
        0.688913609923386,
        0.6568956084367705,
        0.6686701600144549,
        0.6597324377152978,
        0.6487126350402832,
        0.6706369722761759,
        0.6659484418427072,
        0.6466624838549916,
        0.7060654657643016,
        0.6772465356966344,
        0.6541398080383859,
        0.6529899428530437,
        0.6619951957609596,
        0.6699403742464577,
        0.6452324797467488,
        0.624948353302188,
        0.6812240219697719,
        0.6579292896317273,
        0.6505263665827309,
        0.635109346087386,
        0.6775506167877011,
        0.6557498530643743,
        0.6085745212508411,
        0.6768016844260983,
        0.6590072396324902,
        0.6854723517487689,
        0.6397932171821594,
        0.6118646772896371,
        0.633095754355919,
        0.6544938567208081,
        0.6527885983629924,
        0.6732441608498736,
        0.6390499676146159,
        0.6300099550223932,
        0.6318836691902905,
        0.6195248249100476,
        0.6419122684292677,
        0.6381493050877641,
        0.7155379667514707,
        0.7047994514790977,
        0.6264938828421802,
        0.6288698940742307,
        0.6482098916681801,
        0.7209122486230803,
        0.6496095948102998,
        0.6167870803577143,
        0.6246059057189197,
        0.6059819663443217,
        0.6093126622641959,
        0.6131409275822524,
        0.6342158070424708,
        0.6086847476842927,
        0.6079993538740205,
        0.615120530128479,
        0.6157694793329006,
        0.6383536530704033,
        0.6122947320705507,
        0.6188818696068554,
        0.6495274872314639,
        0.610070337609547,
        0.6192185907829099,
        0.6132399875943254,
        0.6028708801036928,
        0.6345233800934582,
        0.6075421586269285,
        0.616250158810034,
        0.6114414872192755,
        0.6030306016526571,
        0.5838927633878661,
        0.6607373516734053,
        0.6376541576734404,
        0.6339845003151312,
        0.6150441220620784,
        0.6000206717630712,
        0.5830944340403487,
        0.579118788969226,
        0.611354567655703,
        0.5810300417062713,
        0.5999389610639433,
        0.5926941487847305,
        0.6117658469735122,
        0.6070565872076081,
        0.6086285899325115,
        0.5934608011710935,
        0.5764272838104062,
        0.6144685032891064,
        0.6005029445741235,
        0.5968033947595736,
        0.5805139803304905,
        0.5693896420118285,
        0.5856026934414376,
        0.5871595638554271,
        0.588470830423076,
        0.5789624576161547,
        0.5744147031772427,
        0.6374180331462767,
        0.5888953361569381,
        0.5900210527385154,
        0.5916665995993265,
        0.5704911154944722
    ],