{
    "input_params": {
        "file_path": "../data/wisdm_watch_full_40_encoded.npy",
        "n_channels": 12,
        "n_classes": 7,
        "dt": 0.05,
        "sample_duration": 2,
        "batch_size": 1024,
        "sample_time_modifier": 1,
        "enabled_classes": [
            1,
            6,
            7,
            8,
            13,
            14,
            17
        ]
    },
    "loss_t": [
        2.0905623813954795,
        1.6888434683404319,
        1.6178863455609578,
        1.614427363000265,
        1.4144193341092366,
        1.34912769387408,
        1.3093354411241485,
        1.2751906819459868,
        1.2764497239415238,
        1.2333900259762276,
        1.4941877126693726,
        1.2048492024584514,
        1.1228415442676078,
        1.055659433690513,
        1.0174191826727332,
        0.9949114860557928,
        0.9521287243540694,
        0.9043676140831738,
        0.8593259889905046,
        0.8405279953305315,
        1.1654020242574739,
        0.9543611872486952,
        0.894799976814084,
        0.8727078394192022,
        0.8830921460942525,
        0.8415977446044364,
        0.7834593246622783,
        0.8004237747773891,
        0.789300543505971,
        0.7855284330321521,
        0.9785164565574832,
        0.8299122118368382,
        0.8097149947794472,
        0.7795163422096066,
        0.8231461615097232,
        0.7809671134483523,
        0.8085367214388963,
        0.7741227673321236,
        0.7815993907974987,
        0.7139882488948542,
        0.8368893600091701,
        0.7921032992804923,
        0.7745571238238637,
        0.726815328365419,
        0.7170443360398455,
        0.7205163574800258,
        0.7090589069738621,
        0.7143250689273928,
        0.7193147060347767,
        0.6899632491716524,
        0.8302035985923395,
        0.7344128009749622,
        0.7118525708593973,
        0.7226560072201055,
        0.6918380696599077,
        0.7169526132141671,
        0.6845000691530181,
        0.7022254670538554,
        0.6876154978100847,
        0.6772107758173128,
        0.7334014337237288,
        0.7088666252973603,
        0.7309146785154575,
        0.6992775507089568,
        0.6886634739433847,
        0.6680400415164668,
        0.6543286573596117,
        0.6750380251465774,
        0.667033388847258,
        0.6562459541530143,
        0.6984369580338641,
        0.6883992567294981,
        0.6791441106214756,
        0.703043892616179,
        0.6682413394858198,
        0.6530576304691594,
        0.6708756641643804,
        0.671983984912314,
        0.641902390049725,
        0.6291317910682864,
        0.674300483087214,
        0.6663796014902068,
        0.6615594029426575,
        0.6483091959139196,
        0.648661188962983,
        0.6211924872747282,
        0.6568067640793033,
        0.6269312021208973,
        0.6505477675577489,
        0.6183324572516651,
        0.703202502029698,
        0.6734285107473048,
        0.6636537139008685,
        0.6332261009914119,
        0.6134773521888547,
        0.631485097291993,
        0.6490030157856825,
        0.6205777903882469,
        0.6350297913318728,
        0.654860356958901,
        0.6905444700543474,
        0.6372553488103355,
        0.6196535455017556,
        0.6100835015134114,
        0.5982549859256279,
        0.6128865335045791,
        0.630004577520417,
        0.642910700018813,
        0.5916478779257798,
        0.5862645899377218,
        0.6345044374465942,
        0.6154776666222549,
        0.6333833772961687,
        0.5957687831506496,
        0.6166363300346747,
        0.6028635225644926,
        0.5918723097661647,
        0.6126898468994513,
        0.6132287746522485,
        0.5802264300788321,
        0.6386785972409132,
        0.6302142579381059,
        0.6193957343334104,
        0.6102382729693157,
        0.5786744196240495,
        0.5808709031198083,
        0.582914766741962,
        0.5913637818359747,
        0.5980311021572207,
        0.5702378262833852,
        0.6371440596696807,
        0.5962441490917672,
        0.6364745904759663,
        0.5890114176564101,
        0.5950942548309884,
        0.5999103006793232,
        0.61398022494665,
        0.6038446717145967,
        0.5894531244184913,
        0.5737162726681407,
        0.5916108067442731,
        0.590432848872208,
        0.5814165691050087,
        0.5929472751733733,
        0.6028587934447498,
        0.5874153637304539,
        0.5593290954101376,
        0.5979078869994093,
        0.5952772505399657,
        0.5787823229301267,
        0.604162302685947,
        0.5933735777692097,
        0.5846775697498787,
        0.6058597710074448,
        0.5851040169960116,
        0.5851360174213968,
        0.5943629807088433,
        0.5541892226149396,
        0.5437426639766227,
        0.5770185095507924,
        0.5980985717075628,
        0.5812572458895241,
        0.5726727363539905,
        0.5722568863775672,
        0.5649238265142208,
        0.5606184376449119,
        0.5472371585485412,
        0.5700984829809608,
        0.5494364449163762,
        0.5456501710705641,
        0.560935007362831,
        0.5752835462733012,
        0.5962141265229481,
        0.5561800344688136,
        0.5696342849149937,
        0.5840516562868909,
        0.5484761508499704,
        0.5514188496077933,
        0.5532011818595048,
        0.5696908678950333,
        0.5863178256081372,
        0.5877603241583196,
        0.5842552076025707,
        0.5900201782947634,
        0.5552897700449315,
        0.5370054920999016,
        0.5517024078020235,
        0.5491823459543833,
        0.5406853098694872,
        0.5274911370219254,
        0.5934545114272978,
        0.5707402403761701,
        0.5717149413213497,
        0.5391735950621163,
        0.5490625791433381,
        0.5572848668912562,
        0.5626942210081147,
        0.5288898276119698,
        0.5413960276580438,
        0.53854428704192,
        0.5718764822657515,
        0.5517932670872386,
        0.5439224221357485,
        0.5420613812237252,
        0.555701080618835,
        0.5607779433087605,
        0.5533004323156868,
        0.5391928400935196,
        0.5218814407906881,
        0.5390473037231259,
        0.5557003064853389,
        0.534353091222484,
        0.5329677804214198,
        0.5525865453045543,
        0.5246546522873204,
        0.5584554207034227,
        0.5272907222189555,
        0.5154592256720473,
        0.5343017047498284,
        0.5306600303184695,
        0.5675996214878268,
        0.5634583438315043,
        0.539118345917725,
        0.5627058991571752,
        0.542376433930746,
        0.5541100640122484,
        0.518517619226037,
        0.5650458939191771,
        0.5333949036714507,
        0.5069897371094402,
        0.5405457216065105,
        0.526180064532815,
        0.5415485472213931,
        0.5605248300040641,
        0.537191423701077,
        0.5314365240131936,
        0.518551304572966,
        0.5482587174671453,
        0.5303340815916294,
        0.5247923819030204,
        0.5276345901372956,
        0.5477836946161782,
        0.5167470901477628,
        0.5269087036935295,
        0.5326945490953399,
        0.5429005826391825,
        0.5440398338364392,
        0.4999294186510691,
        0.4998659186246919,
        0.5660302115649711
    ],