{
    "input_params": {
        "file_path": "../data/wisdm_watch_full_40_encoded.npy",
        "n_channels": 12,
        "n_classes": 7,
        "sample_duration": 2,
        "batch_size": 128,
        "sample_time_modifier": 0.02,
        "dt": 0.001,
        "enabled_classes": [
            0,
            2
        ],
        "use_onehot_labels": true
    },
    "loss_t": [
        0.4987124308295872,
        0.498604159316291,
        0.498581869446713,
        0.4985447150209676,
        0.49845024457444315,
        0.49841733730357624,
        0.4983992919973705,
        0.49840353850437247,
        0.4983557725082273,
        0.4983525868991147,
        0.4982995141459548,
        0.4982942060931869,
        0.4983377252583918,
        0.4984396287928457,
        0.4984916422678077,
        0.4985287941020468,
        0.49862751170344977,
        0.4986986323543217,
        0.49870818432258524,
        0.49875595096660696,
        0.49880584037822223,
        0.49877824310375296,
        0.49880159484303516,
        0.49885573043771414,
        0.49885679003985034,
        0.49886316093413724,
        0.4987644443045492,
        0.4987389672061671,
        0.49869332430155383,
        0.49862114502036053,
        0.49855745357015857,
        0.49847147192644037,
        0.4984077859831893,
        0.49834197144145553,
        0.4982443176533865,
        0.4981816890447036,
        0.4980850948587708,
        0.4980076062290565,
        0.4979407350006311,
        0.4979407324091248,
        0.49789615137421567,
        0.49789827511362406,
        0.4979333002930102,
        0.49793224004299746,
        0.49786430694486783,
        0.49790782837764075,
        0.4978749207828356,
        0.4978876593320266,
        0.4979057043142941,
        0.4980022981762886,
        0.4980298970704493,
        0.4981116309114125,
        0.4981742582243422,
        0.49822733324507007,
        0.4982920826777168,
        0.49835152600122534,
        0.4984141549338465,
        0.4984873964086823,
        0.4985425932251889,
        0.49859566856985504,
        0.49862645048162213,
        0.4986604189743166,
        0.4986911999142688,
        0.4987007535022238,
        0.4987113683120064,
        0.49868482999179675,
        0.4987230462872464,
        0.4987219834457273,
        0.4987209209281465,
        0.49871879945630615,
        0.4986901386924412,
        0.4986657250834548,
        0.49866360263979953,
        0.4986391870871834,
        0.4986317578865134,
        0.49861583470002463,
        0.49856276097504987,
        0.49852242385563644,
        0.4984704120003659,
        0.49845024489838147,
        0.49842689218728436,
        0.4983610795891803,
        0.49834940420544666,
        0.49831649693457974,
        0.49828889998404874,
        0.4982443170055099,
        0.4982241469880809,
        0.4981774438334548,
        0.4981424141189326,
        0.4980872189221175,
        0.49808403363694315,
        0.4980564344188441,
        0.4980171607888263,
        0.49800335939811624,
        0.4980277736549792,
        0.4980681098025778,
        0.4980935852812684,
        0.4980628020737482,
        0.49809040064397064,
        0.49808084673207736,
        0.4980766037883966,
        0.49810101836919785,
        0.49809783276008524,
        0.49809677121431933,
        0.4981169389641803,
        0.4981317999570266,
        0.49814135224922845,
        0.49815090551324515,
        0.49815621356601303,
        0.49817850375952927,
        0.49817107585461246,
        0.4982220281077468,
        0.49823051723449124,
        0.4982623616638391,
        0.49825599303712015,
        0.4982464394491652,
        0.49826130335745605,
        0.4982199021007704,
        0.49825599368499673,
        0.49829739105442294,
        0.49828465250523196,
        0.4983249896246454,
        0.49835364974063373,
        0.498369570011678,
        0.49836001966310584,
        0.4983865553918092,
        0.4983876169375751,
        0.49839823174735776,
        0.4983812486347945,
        0.4983929236945899,
        0.49840566289165744,
        0.4984162767296252,
        0.49838761596576026,
        0.4983939862121706,
        0.49836638699407165,
        0.49837381813837134,
        0.49838443068058597,
        0.4983833697826966,
        0.4983738191101862,
        0.4983727575644203,
        0.49838549416998157,
        0.4984067237895468,
        0.4983844319763391,
        0.49837806334962015,
        0.4983971708494684,
        0.4983886768636496,
        0.49839610962764075,
        0.49836744853983755,
        0.49836638667013333,
        0.49832074279370514,
        0.4983568343779315,
        0.49835364941669547,
        0.4983525868991147,
        0.4983621401631314,
        0.49833666598019394,
        0.4983016365896101,
        0.4982867772164552,
        0.49830163496991864,
        0.49828465153341706,
        0.49826872931874316,
        0.4982591770265413,
        0.498263423209605,
        0.498252809047699,
        0.49822627234718075,
        0.49821990274864697,
        0.4982156581852747,
        0.4981891205129416,
        0.49817213740037836,
        0.4981137540029443,
        0.4980946471509726,
        0.4980978317882704,
        0.498081910221473,
        0.4980999555276788,
        0.4980373291865639,
        0.49805218758790387,
        0.49804476033086365,
        0.49803520415140234,
        0.4980097299684649,
        0.4979916836904443,
        0.49797470025394275,
        0.49794497924006503,
        0.49793011857115704,
        0.4979237492965615,
        0.497880227215912,
        0.49786006108574243,
        0.4978589979202851,
        0.49782609259304794,
        0.49779637125523196,
        0.49775922006886936,
        0.49772949808317685,
        0.49774117638235504,
        0.4977390516711318,
        0.49774011516052746,
        0.49770296138265857,
        0.49771145374878595,
        0.4976955318580503,
        0.49768173143915506,
        0.4976520097774008,
        0.49762971925994626,
        0.4976275942247847,
        0.4976042431333791,
        0.4975851362814074,
        0.4976063662249109,
        0.49756178519000177,
        0.4975575367393701,
        0.49756815349278244,
        0.4975384308592133,
        0.49756072202454443,
        0.4975341856479645,
        0.49751083228899085,
        0.4975479857429214,
        0.49755435436964035,
        0.497543737616228,
        0.49755966047877853,
        0.4975299397888391,
        0.4974874815215235,
        0.49750552682772925,
        0.4975108332608057,
        0.4974758048420367,
        0.49746731247590936,
        0.4974620044231415,
        0.49746200571889465,
        0.49745032968728436,
        0.497433345278968,
        0.4974673118280328,
        0.49744289692329324,
        0.49745669766612677,
        0.49742803560650867,
        0.49743016031773196,
        0.49744502066270163,
        0.4974121150115262,
        0.49744820659575256,
        0.49744396106056543,
        0.4974131768812304,
        0.4974492671697036,
        0.4974322850289552,
        0.4974450216345165,
        0.49744502098663995,
        0.49743971325781033,
        0.49745775759220123,
        0.497448205947876,
        0.4974301596698554,
        0.4974418363493422,
        0.497433345278968,
        0.49742379169101303,
        0.4974322843810786,
        0.49743546837049984,
        0.49744183667328046,
        0.49743440585291904,
        0.4974269769761873
    ],