{
    "input_params": {
        "file_path": "../data/wisdm_watch_full_40_encoded.npy",
        "n_channels": 12,
        "n_classes": 7,
        "dt": 0.05,
        "sample_duration": 2,
        "batch_size": 1024,
        "sample_time_modifier": 1,
        "enabled_classes": [
            1,
            6,
            7,
            8,
            13,
            14,
            17
        ]
    },
    "loss_t": [
        10.398956101115157,
        3.825717774833121,
        2.5984216783104874,
        2.2708365393847956,
        2.150568171245296,
        2.077003095208145,
        2.05538630776289,
        2.0751056031482977,
        2.1249191470262483,
        2.155154312529215,
        2.2243777193674226,
        2.1399263579670977,
        1.9828753442299076,
        1.922290258291291,
        1.8838411104388353,
        1.8588411052052567,
        1.8364231150324752,
        1.790668397414975,
        1.7559846930387544,
        1.7582145173375199,
        1.7327275770466501,
        1.742221326362796,
        1.674650366713361,
        1.6728604508609306,
        1.6687512804822224,
        1.6206973151462833,
        1.599366984716276,
        1.6028192624813173,
        1.5862932728558052,
        1.593869438985499,
        1.629036470157344,
        1.5903370845608595,
        1.57858481639769,
        1.5448320202711152,
        1.5211635246509458,
        1.5394417280104102,
        1.5625115836538919,
        1.5324535631551974,
        1.5404875220322027,
        1.5580881979407333,
        1.5621577355919816,
        1.5491560901083596,
        1.5466174963043957,
        1.499231187308707,
        1.5377867163681402,
        1.534190000557318,
        1.5449003475468333,
        1.4985914259422115,
        1.5291538209449955,
        1.5247195668336821,
        1.4698068310574788,
        1.4884820217039527,
        1.5209800702769583,
        1.5305893741002896,
        1.4918540803397573,
        1.4717350849291173,
        1.5130492245278708,
        1.4654711804738858,
        1.4559940768451225,
        1.4655121128733566,
        1.4494999879743995,
        1.4475615896829745,
        1.4308716233183698,
        1.427805912203905,
        1.441370847748547,
        1.4595416348154953,
        1.401262690381306,
        1.4158994831689975,
        1.419857952652908,
        1.4579619634442214,
        1.4204510304985978,
        1.3774368966498025,
        1.3911370649570372,
        1.4068591856374972,
        1.3874559605993875,
        1.3876463116669073,
        1.3549434702570846,
        1.4098469716746633,
        1.4165346360788114,
        1.3933843577780374,
        1.3885291756653204,
        1.3490398424427683,
        1.3647750616073608,
        1.3675392720757462,
        1.36603418501412,
        1.3763098164302547,
        1.377490776341136,
        1.3305924374882767,
        1.347573408266393,
        1.3211766481399536,
        1.345369527979595,
        1.3877681144853917,
        1.348223212288647,
        1.3700007054863907,
        1.32433397304721,
        1.3491033693639243,
        1.3115266270753814,
        1.3290008742634842,
        1.3235913573241815,
        1.315237894290831,
        1.333470047974005,
        1.3020216110276013,
        1.3352695063846867,
        1.3114508157823144,
        1.3244998891179154,
        1.3120713437475808,
        1.326825993817027,
        1.2876262461266867,
        1.2727165919978445,
        1.2958471891356678,
        1.291892871624086,
        1.3101397578309222,
        1.272904602492728,
        1.2654243998411225,
        1.277043392018574,
        1.2799514619315542,
        1.2811598370714885,
        1.2757004644812606,
        1.2708753870754708,
        1.2812239571315487,
        1.3033375623749524,
        1.2711822492320364,
        1.2525907987501563,
        1.2720119836853772,
        1.2447091922527407,
        1.2262457521950327,
        1.2458925305343256,
        1.2475575324965686,
        1.2492810691275247,
        1.2250580118923653,
        1.2360444127059564,
        1.2234706355304252,
        1.239955146138261,
        1.216385097038455,
        1.2069216734025536,
        1.2171741316958171,
        1.2197377071148012,
        1.213302673363104,
        1.219493848521535,
        1.2493335590129946,
        1.1987987873030872,
        1.2071161182915293,
        1.2338247851627628,
        1.210483077095776,
        1.1859639098004597,
        1.1826908094127004,
        1.1832403148092874,
        1.1975868358844663,
        1.2210575284027472,
        1.2181974445901267,
        1.228403167026799,
        1.2476251009033947,
        1.217317110154687,
        1.1857541247111996,
        1.2000416430031382,
        1.1950012532676137,
        1.196858467125311,
        1.20000064082262,
        1.197273231134182,
        1.1766148718391978,
        1.1706494151092157,
        1.1734764634109125,
        1.1790442117830602,
        1.2071456007841157,
        1.2124490796065912,
        1.1677265341688947,
        1.1413936556839361,
        1.1649397262712804,
        1.2224107631822911,
        1.1440620713117646,
        1.1507434089009354,
        1.162542840329612,
        1.1656963098339919,
        1.1721055682112531,
        1.1545113703099692,
        1.1538339097325394,
        1.1438841151028145,
        1.157073282613987,
        1.1788235553881017,
        1.1335462680677089,
        1.1842188108258132,
        1.1525683504779165,
        1.17735403921546,
        1.1532811682398727,
        1.1286956769664114,
        1.141890996839942,
        1.174980582260504,
        1.1442196398246578,
        1.1297682232973052,
        1.1356601787776481,
        1.1523755832416256,
        1.1320085932568806,
        1.121989831691835,
        1.1366285870714885,
        1.141018890753025,
        1.1084529364981301,
        1.1312179667193716,
        1.1317834316230402,
        1.1179640322196773,
        1.1242604444666606,
        1.1182302527311372,
        1.1390846357112978,
        1.1375326877687035,
        1.1713556603687565,
        1.1235739923105008,
        1.1452546352293433,
        1.139795835425214,
        1.1236911721345855,
        1.1218015580642513,
        1.1278762497553012,
        1.1180677690157077,
        1.1362468934640653,
        1.1200883839188553,
        1.1237135209688327,
        1.1189025277044715,
        1.1350142170743245,
        1.1435014387456381,
        1.1176884406950416,
        1.1133385853069584,
        1.137658697802846,
        1.1125938630685575,
        1.108238012325473,
        1.1323037816257011,
        1.1343794770357085,
        1.1242464940722396,
        1.1204496811075908,
        1.1412360144824516,
        1.1663934457592848,
        1.13222333570806,
        1.1204766703814995,
        1.1050252202080517,
        1.1294877383767106,
        1.1075906375559366,
        1.101809568521453,
        1.128362923133664,
        1.1454581850912513,
        1.121165204338911,
        1.121607978169511,
        1.1377387977227933,
        1.0957147944264296,
        1.0865051862670154,
        1.094065430687695,
        1.0823231106851159,
        1.116032420135126,
        1.1204328798666232,
        1.1223488987945929,
        1.1118678988479986,
        1.12863947124016,
        1.1178499983578194,
        1.1051846684479132
    ],