{
    "input_params": {
        "file_path": "../data/wisdm_watch_full_40_encoded.npy",
        "n_channels": 12,
        "n_classes": 7,
        "dt": 0.05,
        "sample_duration": 2,
        "batch_size": 1024,
        "sample_time_modifier": 1,
        "enabled_classes": [
            1,
            6,
            7,
            8,
            13,
            14,
            17
        ]
    },
    "loss_t": [
        2.8589043268343297,
        1.9326371128966169,
        1.9112158897446423,
        1.8863048320863305,
        1.8504619336709744,
        1.8105872578737212,
        1.7727456674343203,
        1.7113636644875132,
        1.6460737687785452,
        1.6265152314814126,
        1.624516577255435,
        1.56737926529675,
        1.5562543432887008,
        1.5391491215403488,
        1.5425865766478748,
        1.3717686955521746,
        1.3549330030999533,
        1.3041838145837552,
        1.2643843104199666,
        1.2695959951819442,
        1.3085014732872569,
        1.2033532828819462,
        1.1737201562741908,
        1.1052828154912808,
        1.1067644037851474,
        1.1001877348597457,
        1.0985196683464982,
        1.081406865178085,
        1.0396039427780523,
        1.0487986832130245,
        1.055985401316387,
        0.9949549145814849,
        1.0099900670167876,
        1.0024533533468478,
        0.9668058811164484,
        0.9750002433614033,
        0.9688659513868937,
        0.9574281427918411,
        0.9255728140109922,
        0.9597835453545175,
        0.9801806327773304,
        0.9238947513626843,
        0.9109207188210836,
        0.9280667406756703,
        0.8963325009113405,
        0.8857976983233196,
        0.932086879160346,
        0.943221554523561,
        0.9032570676105779,
        0.8887303980385385,
        0.900127541728136,
        0.9275028923662697,
        0.8802823249886675,
        0.8631740997477275,
        0.9043133476885353,
        0.8981709363983899,
        0.8575349711790318,
        0.8804461301826849,
        0.8712685239024278,
        0.8456141352653503,
        0.8815083183893343,
        0.875196808721961,
        0.8460505066848383,
        0.8329286488091073,
        0.8275083725045367,
        0.8651882758954677,
        0.8702209926233059,
        0.8401517911655146,
        0.8453874268182894,
        0.8424853944196934,
        0.8335418788398185,
        0.8198911605811701,
        0.82407686332377,
        0.8115907951099116,
        0.8228519660670582,
        0.8068845722733474,
        0.7997282336397868,
        0.809177833359416,
        0.8020901127559382,
        0.7906758349116255,
        0.8017308566628433,
        0.8015123155058884,
        0.7969186015245391,
        0.8472032924977745,
        0.8358452698079551,
        0.824908361202333,
        0.7891191636643758,
        0.7927918187001857,
        0.7699865640663519,
        0.7975204906812529,
        0.8051875364489671,
        0.7833766719190086,
        0.8100738002032768,
        0.8035475015640259,
        0.7694498678533043,
        0.8045497638423268,
        0.7981729841813808,
        0.7745782849265308,
        0.7701999210729832,
        0.7615514121404509,
        0.7717030339124726,
        0.7597372052146167,
        0.7459787043129525,
        0.7680314343150069,
        0.7542023135394584,
        0.7589268931528417,
        0.7754370264890718,
        0.7558642218752605,
        0.764120753218488,
        0.7754971704831938,
        0.7539660072908169,
        0.7504623634059254,
        0.7514347986477178,
        0.7551526892475966,
        0.7490745128654852,
        0.797405663059979,
        0.7496541767585568,
        0.7496922539501656,
        0.7401470963547869,
        0.7548308750478233,
        0.731003743846242,
        0.725151687133603,
        0.7452645548960057,
        0.7640938642548352,
        0.7621534248677696,
        0.7382449216958953,
        0.7419455909147495,
        0.7318684545958914,
        0.7281287937629514,
        0.729521665631271,
        0.7291549138906526,
        0.7361828917410316,
        0.7248529094021495,
        0.7347202620855192,
        0.7456317980115007,
        0.7508578925597958,
        0.7339872790545952,
        0.7102808370822813,
        0.7248152959637526,
        0.6938586467649879,
        0.7253223337778231,
        0.7182137297420967,
        0.7213760280027622,
        0.7307028188938047,
        0.7441563111979786,
        0.7793476116366502,
        0.7101133320389724,
        0.7073033989929571,
        0.7440371687819318,
        0.7210259132268952,
        0.7154799627094734,
        0.7418105704028432,
        0.6983593106269836,
        0.7331913578801039,
        0.7050454776461531,
        0.7519607136889201,
        0.7132925812791033,
        0.7316792345628506,
        0.7085881102375868,
        0.7018669015023766,
        0.6957573919761472,
        0.6970082884881554,
        0.7258825447501206,
        0.7043269945353996,
        0.6812462545022732,
        0.6953247785568237,
        0.6920176119339175,
        0.7102863337935471,
        0.7358664623120936,
        0.685508107266775,
        0.6747009507039698,
        0.6906637723852949,
        0.7044294200292448,
        0.6919577078121465,
        0.6787737317201568,
        0.7147231785262503,
        0.6879902293042439,
        0.7359071315788641,
        0.6962334513664246,
        0.6841400541910311,
        0.6923468287398176,
        0.6792771554574734,
        0.7394099061082049,
        0.6838231581013378,
        0.6873047264610849,
        0.6807321193741589,
        0.6857302784919739,
        0.7017864366857017,
        0.7235820787708934,
        0.7052277748177691,
        0.6771720749575917,
        0.70679795015149,
        0.659455499997953,
        0.6679182154376332,
        0.688105244462083,
        0.6633518410892021,
        0.6657627123158153,
        0.6693476205918847,
        0.6829241325215596,
        0.669112445377722,
        0.680835716608094,
        0.6677589852635454,
        0.6969908824781093,
        0.6730016455417727,
        0.6926780154065388,
        0.664600439187957,
        0.6814736825663869,
        0.6821419800200114,
        0.6546771308270897,
        0.6597320364742745,
        0.654416915847034,
        0.6533726831761802,
        0.6841884269946958,
        0.6450294430662946,
        0.684574463018557,
        0.6531384630901057,
        0.6608837537649201,
        0.6840411395561404,
        0.655205703363186,
        0.6968918922470837,
        0.6488863593194543,
        0.6557395298306535,
        0.6724039970374689,
        0.6786674668149251,
        0.64545596808922,
        0.6787287302133513,
        0.6710327791004647,
        0.7170982767895955,
        0.6803595947056282,
        0.6543144220259132,
        0.6772179123831958,
        0.6700129247293239,
        0.6452582522136409,
        0.6489137861786819,
        0.6726983320422288,
        0.6442716877634932,
        0.6854947209358215,
        0.6713502814130086,
        0.6701384332121872,
        0.6460275475571795,
        0.6632386024405317,
        0.6703116355872736,
        0.6439031871353708,
        0.6579968929290771,
        0.6717645918450704,
        0.6398578649613915,
        0.6573822323868914,
        0.6447280529068737,
        0.6583909043451635,
        0.6775225866131667
    ],