{
    "input_params": {
        "file_path": "../data/wisdm_watch_full_40_encoded.npy",
        "n_channels": 12,
        "n_classes": 7,
        "dt": 0.05,
        "sample_duration": 2,
        "batch_size": 1024,
        "sample_time_modifier": 1,
        "enabled_classes": [
            1,
            6,
            7,
            8,
            13,
            14,
            17
        ]
    },
    "loss_t": [
        1.9649859376069976,
        1.5902355589517734,
        1.4316587738874482,
        1.3657672027262246,
        1.298559447614158,
        1.2144505047216647,
        1.1652397353474686,
        1.142705014566096,
        1.1154812865140962,
        1.0683430942093455,
        1.2340738526204738,
        0.9822481376368825,
        0.9808140164468346,
        0.9314942258160289,
        0.8967718685545573,
        0.8409083892659444,
        0.8407922794179219,
        0.8167450398933597,
        0.7973256590889721,
        0.7866637008946117,
        0.9753453106414981,
        0.8707325269536275,
        0.8283773428056298,
        0.8076504047324018,
        0.7621733255502654,
        0.7581442013019468,
        0.7753357247608464,
        0.7528634725547418,
        0.737004890674498,
        0.7665080035605082,
        0.8400534420478635,
        0.7764371284624425,
        0.7520145221454341,
        0.7828494034162382,
        0.7508675790414577,
        0.7458510398864746,
        0.7196465963270606,
        0.7220899753454255,
        0.6999945407960473,
        0.7255182149933606,
        0.7660610196067066,
        0.7635185820300404,
        0.7448215193864776,
        0.7144027730313743,
        0.7015305437692781,
        0.7262213826179504,
        0.7113587987132188,
        0.7375905397461682,
        0.6910233352242446,
        0.715302050113678,
        0.7246918053161807,
        0.7100628352746731,
        0.7078332755623794,
        0.7430514300741801,
        0.7024452003037057,
        0.7151972651481628,
        0.7039961596814598,
        0.7043094329717683,
        0.7048890096385304,
        0.6731612784106557,
        0.7202258299036723,
        0.6860282275734878,
        0.6752531383095718,
        0.699168142749042,
        0.6832507310844049,
        0.6786513081411036,
        0.7009214090137947,
        0.6785689272531649,
        0.6775689037834726,
        0.6691954135894775,
        0.7229334304972392,
        0.7006285495874358,
        0.6892035836126746,
        0.6768487168521415,
        0.6589475666604391,
        0.6750413324774766,
        0.6535524188018427,
        0.6611949379851179,
        0.6774914104764055,
        0.6512028385953206,
        0.667203475789326,
        0.6763541465852319,
        0.6551431373852056,
        0.64988112449646,
        0.6528280275623973,
        0.6774996402786999,
        0.6438066959381104,
        0.6778856472271245,
        0.6461628282942423,
        0.6211522803073977,
        0.6603383378284734,
        0.6874564740715957,
        0.6578243723729762,
        0.6645485075508676,
        0.6492335040394853,
        0.6576743140453245,
        0.665719549830367,
        0.6519272065744167,
        0.6527987863959336,
        0.6553459022103286,
        0.639051162615055,
        0.6457674779543062,
        0.6399064776374073,
        0.6381521370352768,
        0.641520116387344,
        0.6513928436651463,
        0.6462291566337027,
        0.6285484549475879,
        0.6420715698381749,
        0.6593551504902724,
        0.6287044519331397,
        0.6634553714496333,
        0.6331316407133893,
        0.6324178111262437,
        0.6391910692540611,
        0.6370805182108065,
        0.6403852773875724,
        0.6338249401348394,
        0.6326839167897295,
        0.619615533002993,
        0.6392558187973209,
        0.6281242893963326,
        0.6359974465719084,
        0.6245477403082499,
        0.6171608232870335,
        0.6611219266565834,
        0.6443709251357288,
        0.6547033714085091,
        0.6248641639221005,
        0.6773936414137119,
        0.6338944057138954,
        0.639246503027474,
        0.6349353150623601,
        0.6315063630662313,
        0.6604907425438485,
        0.6204243636712795,
        0.6173005249442124,
        0.617753696150896,
        0.6383184732460394,
        0.6445988751039272,
        0.6343625653080824,
        0.6248596732209368,
        0.6382165274968962,
        0.6287517373154803,
        0.622898263175313,
        0.6396522754576148,
        0.60109425027196,
        0.6154036405609875,
        0.6200263543826777,
        0.6628424147280251,
        0.6086361335545052,
        0.6182078675525945,
        0.6002939081773525,
        0.6398934925474772,
        0.590642338845788,
        0.5986771074736991,
        0.6098753402872783,
        0.6258286950064869,
        0.6327951899388942,
        0.5869130172380587,
        0.6017582663675634,
        0.5930182759354754,
        0.6211778507000063,
        0.6329780969677902,
        0.6250969186061766,
        0.6083675870081273,
        0.6300052011885294,
        0.6292685401148912,
        0.6225495607387729,
        0.6010671665028828,
        0.628134631529087,
        0.609760591169683,
        0.6081682429081057,
        0.6016547883429179,
        0.6110952598292653,
        0.6101413020273534,
        0.5925548454610313,
        0.5751637765547124,
        0.6031028628349304,
        0.5951437172366352,
        0.5910326017112266,
        0.6075976476436709,
        0.6413697745741868,
        0.644784201209138,
        0.594400736616879,
        0.6045886336303339,
        0.616353806925983,
        0.611814080215082,
        0.5766011948992567,
        0.6076368798569936,
        0.5917503673855852,
        0.5904806328982841,
        0.6087750014735431,
        0.5982130104448737,
        0.6306858935007235,
        0.5816629587150202,
        0.5864685657547741,
        0.5874421901819182,
        0.5665474810251375,
        0.59006668736295,
        0.6097684153696386,
        0.6115165498198533,
        0.6122446816142012,
        0.6130773221574178,
        0.5972659653279839,
        0.6038701083601975,
        0.5887378018076826,
        0.5954161257278628,
        0.6065254298652091,
        0.5893759720209168,
        0.612855052075735,
        0.5814989659844375,
        0.5904983849060245,
        0.5979810342556093,
        0.5953197050385359,
        0.5917997760016743,
        0.5858992076501613,
        0.6086512600503317,
        0.6071750005570854,
        0.5927773466924342,
        0.6717781613512737,
        0.5867095284345674,
        0.577129247711926,
        0.5866819598325869,
        0.6181181683772947,
        0.5851612854294661,
        0.5888464232770408,
        0.5735717125055266,
        0.6097962638226951,
        0.5836819337635506,
        0.587652045052226,
        0.6012642528952622,
        0.5845215902095888,
        0.6022593437171564,
        0.5710142778187264,
        0.5717974058011683,
        0.6025149073542618,
        0.5973455084533226,
        0.5869673861236107,
        0.5846063720016945,
        0.5819999960864463,
        0.6146228386134636,
        0.565569793305746,
        0.5751900585686288,
        0.5806722924476717,
        0.5585731151627331,
        0.5692891776561737,
        0.5612462882588549,
        0.5722764984863561,
        0.5790726157223306
    ],