{
    "input_params": {
        "file_path": "../data/wisdm_watch_full_40_encoded.npy",
        "n_channels": 12,
        "n_classes": 7,
        "dt": 0.05,
        "sample_duration": 2,
        "batch_size": 1024,
        "sample_time_modifier": 1,
        "enabled_classes": [
            0,
            2,
            5
        ]
    },
    "loss_t": [
        1.1281745223438038,
        1.0869580998140222,
        1.087023237172295,
        1.0849389539045446,
        1.0874669621972477,
        1.0864637388902552,
        1.0825669274610632,
        1.0821388048284195,
        1.0899189640493954,
        1.0828131928163416,
        1.0909038641873527,
        1.0858734705868889,
        1.0840994119644165,
        1.07388235540951,
        1.0568675504011267,
        1.0625982635161455,
        1.0449257738449995,
        1.0467422148760628,
        1.024821589974796,
        1.0154891259530012,
        1.0854414561215568,
        1.0672255754470825,
        1.0567389726638794,
        1.03242710758658,
        1.0082717678126167,
        1.0144636946565964,
        1.0169950092540068,
        1.0360319053425509,
        1.0185671694138472,
        1.0137733256115633,
        1.054493132759543,
        1.0334998719832476,
        1.0052924436681412,
        1.0378245676265043,
        1.0068062228315018,
        1.0169268460834728,
        0.9926860262365902,
        0.989558055120356,
        0.9827452372102177,
        0.9643669128417969,
        1.0515795490320992,
        1.007359536255107,
        0.98735971661175,
        0.9815741181373596,
        1.0261218863375046,
        1.0111078865387861,
        0.9925486936288721,
        0.9890974339316873,
        0.9685989513116724,
        0.9655796499813304,
        1.0222020008984734,
        0.9792089742772719,
        1.0440354171921225,
        1.0060279895277584,
        1.010087013244629,
        0.9753215418142431,
        0.9644335438223446,
        0.952343390268438,
        0.9265854043119094,
        0.9370955474236432,
        1.0137557141921099,
        0.9554222331327551,
        0.9413377186831307,
        0.9260811384986428,
        0.9138629646862254,
        0.9053902590976042,
        0.9163894968874314,
        0.9681744049577152,
        0.9315272394348594,
        0.9290982590002173,
        0.9625103052924661,
        0.9943751517464133,
        0.9305377322084764,
        0.9022855548297658,
        0.8872570886331446,
        0.9193294363863328,
        0.9209375381469727,
        0.8925534346524406,
        0.8962908141753253,
        0.8554195586372825,
        0.9642472372335547,
        0.9536019879228929,
        0.9440848476746503,
        0.8989300377228681,
        0.8850381689913133,
        0.8745154633241541,
        0.8985435471815222,
        0.8839835103820352,
        0.8572526223519269,
        0.8303796438609853,
        0.9138316582230961,
        0.8528792086769553,
        0.8816055410048541,
        0.8620780636282528,
        0.8606848541428062,
        0.8344554480384377,
        0.8232516471077415,
        0.8411263823509216,
        0.8566000146024367,
        0.8256573922493878,
        0.877873091136708,
        0.8402851574561175,
        0.8595248495831209,
        0.863641784471624,
        0.8990809531772838,
        0.9259804031428169,
        0.8303744652692009,
        0.7925585122669444,
        0.7984533870921415,
        0.8719986221369576,
        0.8324026605662178,
        0.8351516934002147,
        0.8210055617725148,
        0.8304041028022766,
        0.8457413035280564,
        0.7737905067556045,
        0.8073110405136558,
        0.8039881797397838,
        0.8302898932905758,
        0.8172344144652871,
        0.8452629376860226,
        0.7672873174442965,
        0.7816601255360771,
        0.8151421862490037,
        0.7920853916336509,
        0.8290345773977392,
        0.8360866588704726,
        0.7921100013396319,
        0.8029407999094795,
        0.8062304363531225,
        0.7856681487139534,
        0.7946990868624519,
        0.8444162186454324,
        0.8113727429333855,
        0.767901245285483,
        0.7939539516673368,
        0.7406531046418583,
        0.753757399671218,
        0.7918689987238716,
        0.763501367148231,
        0.8123802717994241,
        0.7820937212775735,
        0.8305526235524345,
        0.7999526683021995,
        0.7561526614076951,
        0.7137473400901345,
        0.7234352546579698,
        0.8201303797609666,
        0.7369387640672571,
        0.6968694259138668,
        0.7296943804797005,
        0.7486988621599534,
        0.7343325159128975,
        0.8016981272136464,
        0.8922246764687931,
        0.7295888171476477,
        0.7391321729211247,
        0.7446128901313332,
        0.752412455923417,
        0.6732420079848346,
        0.7148807153982275,
        0.7288745361215928,
        0.7165498102412504,
        0.698532735600191,
        0.7745393374386955,
        0.7723108600167667,
        0.7975083659676945,
        0.7392620058620677,
        0.6818713721107034,
        0.7486297137597028,
        0.7259573305354399,
        0.7537346131661359,
        0.835341123973622,
        0.7907695805325228,
        0.7404475247158724,
        0.6871838254087111,
        0.7109515491653892,
        0.7077776859788334,
        0.6829236605588127,
        0.6707317303208744,
        0.6952452799853157,
        0.7708269673235276,
        0.7318925892605501,
        0.6761488108073964,
        0.6386379809940562,
        0.687997512957629,
        0.6305105826433968,
        0.65352082603118,
        0.6556060489486245,
        0.6944543719291687,
        0.7397720393012551,
        0.7372532907654258,
        0.6999402151388281,
        0.6881048293674693,
        0.7142976697753457,
        0.662221305510577,
        0.6479083825560177,
        0.6602918891345754,
        0.749231103588553,
        0.6640297805561739,
        0.6381070929415086,
        0.6602353173143723,
        0.6742331350550932,
        0.7306972040849573,
        0.6876116991043091,
        0.6437097577487721,
        0.6313555380877327,
        0.6008860258495107,
        0.6477235380341025,
        0.6138929268893074,
        0.6622496036922231,
        0.7290032260558185,
        0.7329169336487266,
        0.7269724256852094,
        0.6561945957296035,
        0.6752634258831248,
        0.64227935145883,
        0.6594634582014645,
        0.648708841379951,
        0.6289728459189919,
        0.6571705166031333,
        0.6628515685305876,
        0.6330281846663531,
        0.5999002246295705,
        0.5904280508265776,
        0.5966624687699711,
        0.600557358825908,
        0.6617849714615766,
        0.6337792312397676,
        0.6048517016803517,
        0.6608271143015694,
        0.6971781288876253,
        0.7306516696425045,
        0.6418425791403827,
        0.6773486908744363,
        0.6424008152064156,
        0.6173422126209035,
        0.5963418553857243,
        0.604971798027263,
        0.5916190392830792,
        0.6334581340060514,
        0.5883036255836487,
        0.6310233088100657,
        0.6022432797095355,
        0.6100648220847634,
        0.5758539368124569,
        0.6003973238608417,
        0.6923198103904724,
        0.5724961897906136,
        0.611429347711451
    ],