{
    "input_params": {
        "file_path": "../data/wisdm_watch_full_40_encoded.npy",
        "n_channels": 12,
        "n_classes": 7,
        "dt": 0.05,
        "sample_duration": 2,
        "batch_size": 1024,
        "sample_time_modifier": 1,
        "enabled_classes": [
            1,
            6,
            7,
            8,
            13,
            14,
            17
        ]
    },
    "loss_t": [
        3.1633832890812945,
        1.933852501031829,
        1.8584062180868008,
        1.7904311651136817,
        1.7391864904543248,
        1.6833721283005505,
        1.6304635827134295,
        1.6013406747724952,
        1.5606635052983353,
        1.5267954425113957,
        1.4115877471319058,
        1.3302687115785552,
        1.2813159808879946,
        1.2384005552384911,
        1.1993898618512038,
        1.1998473871044997,
        1.1639861479038145,
        1.2420890534796365,
        1.120251681746506,
        1.1069750204318907,
        1.122673758646337,
        1.0974826129471384,
        1.0882165562815782,
        1.0784092908952294,
        1.0840837621107333,
        1.072543708289542,
        1.0566631424717787,
        1.0528244318031683,
        1.0417842196255196,
        1.0421753729262002,
        1.0464956745868776,
        1.020639486429168,
        1.0268234348878629,
        1.006939396625612,
        1.0038772065465043,
        1.0210793032878782,
        1.0083667301550143,
        0.9983878804416191,
        0.990553666905659,
        0.9808021158706851,
        0.986623953028423,
        0.9742382096081246,
        0.9578336244676171,
        0.9831850630481068,
        0.9726599091436805,
        0.9499733535254874,
        0.9645287903343759,
        0.9583222967822377,
        0.9502868536042004,
        0.9472604801015156,
        0.924663014528228,
        0.9314932372511887,
        0.9255570696621407,
        0.9363653151000418,
        0.9273294835555844,
        0.9195027380454831,
        0.9462866347010542,
        0.943415451340559,
        0.9090564425398664,
        0.8854325922524057,
        0.9053447595456752,
        0.8930860932280378,
        0.8954481540656671,
        0.883072373343677,
        0.9115195143513564,
        0.8835781143932808,
        0.8829418028273234,
        0.8671224902315837,
        0.8859286991561331,
        0.8871163129806519,
        0.8816451197717248,
        0.8847530571425833,
        0.8676938748941189,
        0.8731762999441566,
        0.8716439793749553,
        0.8727361763395914,
        0.8828091359719997,
        0.8610273483322888,
        0.8706454213072614,
        0.8550311690423547,
        0.877138012793006,
        0.8523986790238357,
        0.862201575825854,
        0.8761924752374974,
        0.8656464582536278,
        0.854519189857855,
        0.8564363543580218,
        0.8600739909381401,
        0.8546034708255674,
        0.8822548796490925,
        0.8533574502642561,
        0.8450277651228556,
        0.8599580090220381,
        0.8636641109861979,
        0.8812608253665086,
        0.8496924885889379,
        0.8574961947231758,
        0.8418058316882063,
        0.841784680761942,
        0.8747008239350668,
        0.8595731650910726,
        0.8317620216346369,
        0.8366189206518778,
        0.8309900484433989,
        0.83379559400605,
        0.8621771117536033,
        0.863963172203157,
        0.8491289353952175,
        0.8266337383084181,
        0.8339935948209065,
        0.8599509378758873,
        0.840526835220616,
        0.8576508513311061,
        0.8320908328381981,
        0.8414004823056663,
        0.8363083702761952,
        0.8392665080907868,
        0.8469290471658474,
        0.821807407751316,
        0.8380845479848908,
        0.856539067698688,
        0.8417560094740333,
        0.8341056937124671,
        0.8239851550358098,
        0.8086017224846817,
        0.8198065016327835,
        0.8290748029220395,
        0.805745542049408,
        0.8277666466992076,
        0.8201638779989103,
        0.815971108471475,
        0.8181746398530355,
        0.8273422659897223,
        0.8242105798023504,
        0.8325201316577632,
        0.846681732956956,
        0.8276025260367045,
        0.8251786290145502,
        0.8135881772855433,
        0.8429441204885157,
        0.8108819606827526,
        0.8226986629206959,
        0.8188254586080226,
        0.8300081418781746,
        0.825312969161243,
        0.8166049791545402,
        0.8102789230462981,
        0.8058324456214905,
        0.8097590397043926,
        0.8059376042063643,
        0.819571085092498,
        0.8247102106489786,
        0.8224584794626003,
        0.8266380429267883,
        0.8127982441971942,
        0.8160937486625299,
        0.79949433047597,
        0.8003762916820806,
        0.8120507292631196,
        0.8026309376809655,
        0.8149693114001576,
        0.8265419980374779,
        0.8239674437336806,
        0.8173623172248282,
        0.8111472711330507,
        0.8068109648983653,
        0.811825180925974,
        0.8086848433424787,
        0.8032596402051972,
        0.8001094140657564,
        0.8041689759347497,
        0.8009384289020445,
        0.8109246841291102,
        0.7988233813425389,
        0.8038791330849252,
        0.8021664168776536,
        0.8002322839527596,
        0.8016775512113804,
        0.8092950059146415,
        0.8046975513783897,
        0.8020105216561294,
        0.7991039883799669,
        0.8040771920506548,
        0.8062647522949591,
        0.8005288286906916,
        0.7935229234579133,
        0.8108014391689766,
        0.8003546828176917,
        0.80718028836134,
        0.7969979701972589,
        0.8030000430781666,
        0.8001571893692017,
        0.788875055022356,
        0.7862358209563465,
        0.7904888435107905,
        0.7878477515243902,
        0.7823407417390404,
        0.7989710583919432,
        0.791349717756597,
        0.7940936742759332,
        0.8044300137496576,
        0.7810811560328413,
        0.7792523314313191,
        0.793340092752038,
        0.8012650565403264,
        0.7828899970868739,
        0.7892810673248477,
        0.7920267233034459,
        0.7813758908248529,
        0.7951625047660456,
        0.7879363981688895,
        0.791324125557411,
        0.8214382049514026,
        0.7891958283215035,
        0.795667645407886,
        0.8011625321899972,
        0.7912263317805964,
        0.7709925291014881,
        0.7879055418619295,
        0.7923854196943888,
        0.778764388910154,
        0.7983508938696326,
        0.7704124174466948,
        0.8004093460920381,
        0.7956640458688503,
        0.7796823629518834,
        0.794614149302971,
        0.8121494331010958,
        0.8031655012107477,
        0.7893937433638224,
        0.7873424320686154,
        0.8203090036787638,
        0.7856812317196916,
        0.7938798433396874,
        0.7691245427945765,
        0.7874223371831383,
        0.7941346531961022,
        0.7877510815131955,
        0.7883769099305316,
        0.7960114057471113,
        0.7780614669730024,
        0.7701655393693505,
        0.7783497353879417,
        0.7693890536703715,
        0.7942831632567615,
        0.7802286206222162,
        0.7903625194619341,
        0.7920186592311393,
        0.7911056716267656,
        0.8215702815753657
    ],