{
    "input_params": {
        "file_path": "../data/wisdm_watch_full_40_encoded.npy",
        "n_channels": 12,
        "n_classes": 7,
        "dt": 0.05,
        "sample_duration": 2,
        "batch_size": 1024,
        "sample_time_modifier": 1,
        "enabled_classes": [
            1,
            6,
            7,
            8,
            13,
            14,
            17
        ]
    },
    "loss_t": [
        2.2162952219567646,
        1.8863302120348302,
        1.8728153124088194,
        1.8231624713758143,
        1.6856621852735194,
        1.5358349782664602,
        1.4906691632619717,
        1.4415581836933042,
        1.35687280573496,
        1.3428510223946921,
        1.2860842623361728,
        1.265989643771474,
        1.2210435169499094,
        1.1958195116461776,
        1.2165205798498013,
        1.2190477644524924,
        1.1979069099193667,
        1.172069500132305,
        1.232598205892051,
        1.1189420208698366,
        1.1529559638442062,
        1.1470653778169213,
        1.1602764609383374,
        1.131370410686586,
        1.1260126116799145,
        1.1094233640810338,
        1.1243282847288179,
        1.083601845473778,
        1.0993420583445852,
        1.0922109906266375,
        1.0884012129248641,
        1.077858261945771,
        1.061923762647117,
        1.0612167163593014,
        1.0382622320477555,
        1.1179464910088517,
        1.0414129204866363,
        1.041901038914192,
        1.0507537867964767,
        1.0047000355836821,
        1.0601322054862976,
        1.0387479822810104,
        1.0112323266703909,
        0.996054124541399,
        1.0057374398882797,
        0.9784311826636152,
        1.0011350483429142,
        1.003578674502489,
        0.9880075774541716,
        0.9497976797383006,
        0.9577685158427168,
        0.9729140342735663,
        0.9894929993443373,
        0.9707458935132841,
        0.9623670098258228,
        0.9553707576379543,
        0.9895381127915731,
        0.9627361210381112,
        0.982254172243723,
        0.9653165471263048,
        0.9413501576679509,
        0.9882468755652265,
        0.9470039664245233,
        0.9388746531998239,
        0.9553901000720698,
        0.9411328086038915,
        0.9229366692101083,
        0.8924676688706003,
        0.9094829283109526,
        0.8973642107917041,
        0.903915169762402,
        0.922620514544045,
        0.9153893619048886,
        0.8994900816824378,
        0.9092836467231192,
        0.9377738760738838,
        0.9331238880390074,
        0.9267956774409224,
        0.9126821160316467,
        0.8892964139217283,
        0.8916806157042341,
        0.8937287446929187,
        0.9197329428137803,
        0.8904530478686821,
        0.9390356075472948,
        0.8823955320730442,
        0.8748922333484743,
        0.8537896624425563,
        0.9006313550763014,
        0.8747037009495061,
        0.8909126389317397,
        0.8815253042593235,
        0.8713580355411623,
        0.8396690182569551,
        0.8439786884842849,
        0.8472466832253991,
        0.8919914030447239,
        0.8556804656982422,
        0.8798393708903615,
        0.8743996794630842,
        0.8397945412775365,
        0.8100689867647682,
        0.8278270814476943,
        0.8327465653419495,
        0.878948862959699,
        0.8408794839207719,
        0.8601003579977082,
        0.840546669029608,
        0.8159706170965986,
        0.8537992311687004,
        0.8356274061086701,
        0.8727839530968085,
        0.8408670439952757,
        0.832490762559379,
        0.8436938364331316,
        0.849225483289579,
        0.8900832664675828,
        0.8687830799963416,
        0.8248007181214123,
        0.8115686628876663,
        0.8106117975421068,
        0.8270273891890921,
        0.812001991562727,
        0.8267980973895003,
        0.837789980376639,
        0.8676973901143888,
        0.8373370286895008,
        0.8202791650120805,
        0.8109473862299105,
        0.8145179021649245,
        0.8072158737880427,
        0.8022247770937477,
        0.8283245229139561,
        0.8326044475159994,
        0.7924188012030067,
        0.8218680998174156,
        0.7933743988595358,
        0.8076626745665946,
        0.802038740821001,
        0.8225191002938805,
        0.814790757690988,
        0.8161848594502705,
        0.8250852081833816,
        0.8232878097673741,
        0.8051709765341224,
        0.8247890312497209,
        0.8072177840442192,
        0.8439548684329521,
        0.8342927578018933,
        0.7991673612013096,
        0.7888277623711563,
        0.8139992879658211,
        0.781262928392829,
        0.8359421448009771,
        0.8058429345851992,
        0.8035867272353754,
        0.8084270488925096,
        0.807789476906381,
        0.7731126910302697,
        0.7885865176596293,
        0.8104684105733546,
        0.7707132071983523,
        0.8069052797992055,
        0.7637358176998976,
        0.786463712773672,
        0.8131430497983607,
        0.7901212689353199,
        0.7789438584955727,
        0.8153760462272458,
        0.8021906309011506,
        0.7902756260662545,
        0.7695315727373448,
        0.75557305900062,
        0.7727907852428716,
        0.8068503403082127,
        0.8168448471441502,
        0.7959589216767288,
        0.7709266805067295,
        0.7898023535565633,
        0.8067869849321319,
        0.7762518728651652,
        0.7716126718172213,
        0.7940921129249945,
        0.7702185569739923,
        0.8007763755030748,
        0.7700032184763652,
        0.8072486258134609,
        0.8395733891463861,
        0.7691372254999672,
        0.767773993131591,
        0.7734249205124087,
        0.7543636400525163,
        0.7610267197213522,
        0.7602071834773552,
        0.7929469724980797,
        0.7866511228607922,
        0.7869137903539146,
        0.7734203033330964,
        0.7886742062684966,
        0.7765613241893489,
        0.7430950752118739,
        0.7823440141794158,
        0.7979186409857215,
        0.77084950412192,
        0.7752679964391197,
        0.7614293868948774,
        0.7640740173618968,
        0.7506460242155122,
        0.752439574497502,
        0.7537577108639043,
        0.784524513453972,
        0.7716006302252049,
        0.7689738709752153,
        0.7599525771489958,
        0.7451326905227289,
        0.741706784178571,
        0.7836361251226286,
        0.7864142699939448,
        0.7825304618695887,
        0.7313902363544558,
        0.7527541954342912,
        0.7636543236127714,
        0.7890497387909308,
        0.7550527860478657,
        0.7204597432438921,
        0.7176199729849653,
        0.7644357594048105,
        0.7450552524589911,
        0.7684951395523257,
        0.7547537248309065,
        0.7551214113468077,
        0.7541416621789699,
        0.7300824915490499,
        0.742337175985662,
        0.7499720803121241,
        0.7259481752791056,
        0.7416651466997658,
        0.7716873273616884,
        0.754888381899857,
        0.7543206069527603,
        0.7613794541940456,
        0.7394171851437267,
        0.7359211314015273,
        0.7789660445073756,
        0.7309667555297293,
        0.7534682401796666,
        0.7311151899942537,
        0.7400747203245396,
        0.7715325500906968,
        0.7303826925231189
    ],