{
    "input_params": {
        "file_path": "../data/4bit_spikeset_PHASE_full.npy",
        "n_channels": 12,
        "n_classes": 7,
        "dt": 0.05,
        "sample_duration": 2,
        "batch_size": 1024,
        "sample_time_modifier": 1,
        "enabled_classes": [
            1,
            6,
            7,
            8,
            13,
            14,
            17
        ]
    },
    "loss_t": [
        1.9112389494733113,
        1.7778068868125356,
        1.6684397255502097,
        1.610945346878796,
        1.5162888649033337,
        1.4379459038013365,
        1.3902145653236202,
        1.350726101456619,
        1.3449968971857211,
        1.317278536354623,
        1.3094543015084616,
        1.2801738541300705,
        1.2772713754235245,
        1.27484886529969,
        1.2466050851635817,
        1.2552666315218297,
        1.218951908553519,
        1.2480915203327085,
        1.2376792343651377,
        1.223484960997977,
        1.1943908697221337,
        1.191661288098591,
        1.1740548232706582,
        1.2200884499200961,
        1.208891223116619,
        1.1636053643575528,
        1.1690381649063855,
        1.1576067063866593,
        1.1413618180809952,
        1.1484248056644346,
        1.1446613683933164,
        1.124998127541891,
        1.1197262217358845,
        1.1261976666566802,
        1.1297470273041144,
        1.107721811387597,
        1.1185976514002172,
        1.1467985583514702,
        1.123051288651257,
        1.1115451600493453,
        1.126258463394351,
        1.0986009181999579,
        1.0977573176709616,
        0.9703518951811442,
        0.9153074549465645,
        0.8891748815048032,
        0.8627560167777829,
        0.8286881650366434,
        0.8145424360182227,
        0.8139894561069768,
        0.8277667222953424,
        0.797072172164917,
        0.8280033570964161,
        0.7941620480723497,
        0.8098034815090459,
        0.7787503905412627,
        0.7699651325621256,
        0.7959012185654989,
        0.8181044910012222,
        0.7751867872912709,
        0.7795507806103404,
        0.7635740506939772,
        0.7890091494816106,
        0.7734902370266798,
        0.7700108900302793,
        0.7820421559054677,
        0.7766334836075945,
        0.7636867441782137,
        0.7592892050743103,
        0.7508608146411616,
        0.7560864367136141,
        0.7432381074603011,
        0.7615256324046995,
        0.7617255027701215,
        0.7760940964629011,
        0.7445995836723142,
        0.7489758642708383,
        0.7698098115804719,
        0.7385453625423152,
        0.7247996068582302,
        0.728647934227455,
        0.7438346234763541,
        0.749623608298418,
        0.7236722009937938,
        0.7273026486722435,
        0.7329292297363281,
        0.7500733311583356,
        0.7543193145496089,
        0.7239576476376232,
        0.7276264603545026,
        0.7231821795789207,
        0.7242364970649161,
        0.7350754301722456,
        0.7265983616433492,
        0.7438426788260297,
        0.7182491814217916,
        0.7123464331394289,
        0.7052731877420007,
        0.7178703837278413,
        0.698732778793428,
        0.7009734918431538,
        0.7160269167365098,
        0.7176356388301384,
        0.7212845552258376,
        0.70175816954636,
        0.7231231855183113,
        0.6960506410133548,
        0.7143002763027098,
        0.7117848614367043,
        0.7184092911278329,
        0.7036554784309573,
        0.7059566044225926,
        0.6900074496501829,
        0.7015732744844948,
        0.7133377165329166,
        0.6993067162792858,
        0.691030906467903,
        0.6952386469375796,
        0.6926474324086818,
        0.7037537301458964,
        0.7060042750544664,
        0.6984935504634205,
        0.6850801880766706,
        0.6992023601764585,
        0.6904682880494653,
        0.7079414187408075,
        0.6981282088814712,
        0.6698002757095709,
        0.6793305306899838,
        0.691033084218095,
        0.6971414365419527,
        0.7145697721620885,
        0.6964409525801496,
        0.6876023760656031,
        0.6854057326549436,
        0.6883187744675613,
        0.6966443221743513,
        0.674423453284473,
        0.6719633180920671,
        0.6779472115563183,
        0.6773779712072233,
        0.7073466167217348,
        0.6698181774558091,
        0.6771808615544948,
        0.668024314612877,
        0.672334207267296,
        0.6890933600867667,
        0.6800956871451401,
        0.716468342920629,
        0.6630863111193587,
        0.6737457092215375,
        0.6674577172209577,
        0.6615768743724357,
        0.6834057336900292,
        0.6969749302398868,
        0.6715242193966378,
        0.6655369270138625,
        0.6840847439882232,
        0.6679267708848162,
        0.6587185859680176,
        0.6636269252474715,
        0.6793227399267802,
        0.6630883420385966,
        0.6879742538056722,
        0.6566423904605028,
        0.6804276733863645,
        0.6685215409209089,
        0.67701396564158,
        0.6543063405083447,
        0.665950538181677,
        0.6689735054969788,
        0.6529972887620693,
        0.6645472049713135,
        0.6632683756874829,
        0.6499899974683436,
        0.677964424214712,
        0.6649587648670848,
        0.6774354736979414,
        0.6639441760574899,
        0.6467609289215832,
        0.6580174928758202,
        0.6544021934997745,
        0.6631268858909607,
        0.6518597864523167,
        0.6584661661124811,
        0.6648615046245295,
        0.660000741481781,
        0.6697741819591057,
        0.6531276019608102,
        0.6560316638248723,
        0.6592518556408766,
        0.6469374836944952,
        0.665101244682219,
        0.6473464311622992,
        0.6605024599447483,
        0.6492975557722697,
        0.6544551151554759,
        0.6353331091927319,
        0.668303832775209,
        0.6359011080206894,
        0.6525092793674003,
        0.6582122038050395,
        0.650689555377495,
        0.6361404788203355,
        0.6430459240587746,
        0.6490107265914359,
        0.6759280940381492,
        0.645160436630249,
        0.6469135226272955,
        0.6300003601283561,
        0.6435197010272886,
        0.6631959822119736,
        0.6481706761732334,
        0.6395173872389445,
        0.6371433342375407,
        0.6369487163497181,
        0.6435092091560364,
        0.6404657698259121,
        0.6197057380908872,
        0.648613197047536,
        0.6352680819790538,
        0.6316079032130357,
        0.6386311417672692,
        0.6403737533383254,
        0.6406681421326428,
        0.6421561895347223,
        0.6339582771789737,
        0.6314129247898008,
        0.6251767495783364,
        0.6358552037215814,
        0.6381142997160191,
        0.6572673000940462,
        0.6517518758773804,
        0.6469971610278618,
        0.6330771489841182,
        0.6388402057857048,
        0.6205186713032607,
        0.63709274879316,
        0.6362057488139082,
        0.6272790591891219,
        0.6236929239296332,
        0.634463204116356,
        0.6304254800808139,
        0.6290210267392601,
        0.6412476432032701,
        0.6512212055485423,
        0.6310279369354248,
        0.648184069773046,
        0.623124913471501,
        0.6409213542938232
    ],