{
    "input_params": {
        "file_path": "../data/4bit_spikeset_PHASE_full.npy",
        "n_channels": 12,
        "n_classes": 7,
        "dt": 0.05,
        "sample_duration": 2,
        "batch_size": 1024,
        "sample_time_modifier": 1,
        "enabled_classes": [
            1,
            6,
            7,
            8,
            13,
            14,
            17
        ]
    },
    "loss_t": [
        5.769934636790578,
        2.175796142438563,
        1.9312534390426264,
        1.8583098824431257,
        1.79064114791591,
        1.7381121908746116,
        1.712578206527524,
        1.6997639347867268,
        1.6815593475248756,
        1.651907147430792,
        1.5355492365069505,
        1.474279307737583,
        1.4615269405085867,
        1.4143601801337264,
        1.4117235410504225,
        1.497510857698394,
        1.4142011316811167,
        1.4246774330371763,
        1.3821088976976348,
        1.3560641742334134,
        1.3735362814693917,
        1.3694839622916244,
        1.368635637004201,
        1.3890369752558267,
        1.3525787504707896,
        1.368101846881029,
        1.3330694204423486,
        1.300381625570902,
        1.3125545542414596,
        1.2996503463605555,
        1.267917571998224,
        1.2157723060468348,
        1.287611030950779,
        1.2375138765428124,
        1.1996296149928396,
        1.2694675079206141,
        1.192778063983452,
        1.2019017440516775,
        1.2186371640461247,
        1.1859221225831567,
        1.2453934070540638,
        1.1760704081232956,
        1.1509612566087304,
        1.18295863198071,
        1.164405453495863,
        1.2161981826875268,
        1.1784035403554032,
        1.1964577901654128,
        1.1728279648757562,
        1.1785072408071378,
        1.1549861198518334,
        1.1228142860459118,
        1.1348488388991937,
        1.1486641982706582,
        1.160385160911374,
        1.1184036920710307,
        1.1117248825910615,
        1.1308293168137713,
        1.1109216998263103,
        1.1585701238818285,
        1.1523934311983062,
        1.119461632356411,
        1.0974625959628965,
        1.0812807940855258,
        1.072512200692805,
        1.0904271849771825,
        1.1422783427122163,
        1.1234875670293483,
        1.113536932119509,
        1.0870174678360545,
        1.0771323587836288,
        1.0669057441920768,
        1.1003394664787665,
        1.0782030355639574,
        1.054298014175601,
        1.0906470447051815,
        1.072797424909545,
        1.0686961645033302,
        1.0963006426648396,
        1.0806975204770157,
        1.030521405906212,
        1.0274642327936685,
        1.0410113320118044,
        1.0255626483661373,
        1.063362223346059,
        1.0167557233717384,
        1.019851036188079,
        1.01837394150292,
        1.0610188594678553,
        1.0179470646672133,
        1.0093349741726387,
        1.042018852582792,
        1.0630016937488462,
        1.0216397003429691,
        1.009940116870694,
        1.011407180530269,
        1.0008162303668697,
        1.047447739577875,
        1.0175569987878568,
        1.0079322093870582,
        1.0260254115593144,
        1.018464719376913,
        0.9842512520348153,
        0.9955514276899943,
        0.9862929800661598,
        1.0242221079221585,
        1.0246701647595662,
        1.0232344008073575,
        1.009633596350507,
        1.0374074941728173,
        1.02772482720817,
        0.9635931864017393,
        0.9685669817575594,
        0.9799384809121853,
        0.9727244944107242,
        0.9934946691117635,
        0.955436366360362,
        1.0033617223181375,
        0.9759075176425096,
        1.0019289502283422,
        0.983810462602755,
        0.9674968094360538,
        0.9932995874707292,
        0.9922137173210702,
        0.9618584818956328,
        0.9515739446733056,
        0.9504967026594209,
        0.9702979907756899,
        0.9767128200065799,
        1.0152545658553518,
        0.9423035833893753,
        0.96372272619387,
        1.002163241549236,
        0.9798231764537532,
        0.9607629121803656,
        1.008718051561495,
        0.9699191276620074,
        0.9330806892092635,
        0.9479981602692023,
        0.9435893166355971,
        0.9436625111393813,
        0.9351436713846718,
        0.9244814427887521,
        0.9616808833145514,
        0.9161397654835771,
        0.9112946143964442,
        0.9463650947663842,
        0.9234839314367713,
        0.9188875221624607,
        0.957346862409173,
        0.9358685947046047,
        0.9298055753475283,
        0.9336960243015755,
        0.9466211054383254,
        0.9543148497255837,
        0.8971045482449416,
        0.9337996869552426,
        0.9038719796552891,
        0.9067379367060777,
        0.9362233571889924,
        0.9641033236573382,
        0.9042605103515997,
        0.9005752860046015,
        0.9421495330042955,
        0.9162058539506865,
        0.9356508182316292,
        0.9424209783716899,
        0.8937313469444833,
        0.8938262186399321,
        0.8843478807588903,
        0.8866875520566615,
        0.9015259481057888,
        0.914640023940947,
        0.9081082285904303,
        0.8892578090109476,
        0.9042162546297399,
        0.9326606218407794,
        0.9443006093909101,
        0.887868394212025,
        0.9051215038066958,
        0.9040031854699297,
        0.8821488168181443,
        0.879768060474861,
        0.8939680050059062,
        0.8837172854237441,
        0.8894847820444804,
        0.9040148258209229,
        0.8906033402535973,
        0.8865721705483227,
        0.8898182714857706,
        0.8918463704062671,
        0.8959800019496824,
        0.8859935184804405,
        0.9116160433466841,
        0.8930672363537114,
        0.8705679672520336,
        0.8787586005722604,
        0.8937776641147893,
        0.8819036672754985,
        0.8718601145395418,
        0.8818685601397258,
        0.8872330537656459,
        0.9129340125293266,
        0.8957767428421393,
        0.8556212826472956,
        0.8923126124754185,
        0.8692306934333429,
        0.9154523596531008,
        0.8776311467333537,
        0.8645610504034089,
        0.8780232711536128,
        0.8734214393103995,
        0.8736740626939913,
        0.8731507804335618,
        0.870419029782458,
        0.8719655944079887,
        0.8788743455235551,
        0.894480065601628,
        0.8899172602630243,
        0.8655382859997633,
        0.8521381151385423,
        0.8753467711006723,
        0.8556991495737215,
        0.9126268712485709,
        0.8648908574406694,
        0.8902051114454502,
        0.8814812738720964,
        0.8615769453165008,
        0.8717614775750695,
        0.8411953885380815,
        0.8607656388747983,
        0.859622588971766,
        0.8628327090565752,
        0.849962509259945,
        0.8392357404639081,
        0.857322509695844,
        0.8600147206608842,
        0.8835356337268178,
        0.849807875912364,
        0.8946615050478679,
        0.8642643980863618,
        0.8559992458762192,
        0.866322760174914,
        0.8537203160727896,
        0.8594481988650996,
        0.8710123358703241,
        0.8374976152327003,
        0.8458917460790495,
        0.8608070015907288,
        0.8784331388589812
    ],