{
    "input_params": {
        "file_path": "../data/wisdm_watch_full_40_encoded.npy",
        "n_channels": 12,
        "n_classes": 7,
        "dt": 0.05,
        "sample_duration": 2,
        "batch_size": 1024,
        "sample_time_modifier": 1,
        "enabled_classes": [
            0,
            2
        ]
    },
    "loss_t": [
        0.8042914162982594,
        0.6946273012594744,
        0.6942904970862649,
        0.6865207932212136,
        0.6944500370459123,
        0.6668801524422385,
        0.6776924891905352,
        0.6576764529401605,
        0.70690133896741,
        0.6674818992614746,
        0.6871659538962624,
        0.6843552535230463,
        0.6756650155240839,
        0.6657442558895458,
        0.6656609936193987,
        0.6523975404826078,
        0.637719907543876,
        0.6373759128830649,
        0.6150255799293518,
        0.6207590482451699,
        0.6785265153104608,
        0.6598593484271656,
        0.6565824909643694,
        0.64194871078838,
        0.6066284017129377,
        0.6356986490162936,
        0.5938069061799482,
        0.6664755994623358,
        0.629827006296678,
        0.5958988287232139,
        0.6608898477120833,
        0.6383682055906816,
        0.6076271533966064,
        0.5995415340770375,
        0.6007278344847939,
        0.5749205405061896,
        0.5719331177798185,
        0.5842871584675529,
        0.5590172626755454,
        0.5176976485685869,
        0.6221347884698347,
        0.6157635775479403,
        0.554584340615706,
        0.5672344240275297,
        0.5343532453883778,
        0.5409007831053301,
        0.5703595036810095,
        0.5280222594738007,
        0.5715203339403326,
        0.5472158572890542,
        0.6016587777571245,
        0.5442399653521451,
        0.546943033283407,
        0.5166753855618563,
        0.5261219523169778,
        0.5177848068150607,
        0.5084081454710527,
        0.4797796227715232,
        0.5108656449751421,
        0.6033630073070526,
        0.562578640200875,
        0.5197491618719968,
        0.5340283242138949,
        0.5014414570548318,
        0.5067355199293657,
        0.4716887528246099,
        0.4533096958290447,
        0.5704021697694605,
        0.4967436058954759,
        0.48527714068239386,
        0.5766523561694405,
        0.5022788074883547,
        0.49023242701183667,
        0.45775507255034015,
        0.47723379731178284,
        0.5030003054575487,
        0.4795945205471732,
        0.4800397482785312,
        0.4461042014035312,
        0.4820261678912423,
        0.5151938796043396,
        0.4847700975157998,
        0.5176564834334634,
        0.5742528763684359,
        0.4816532162102786,
        0.4595999202945016,
        0.43803866613994946,
        0.46717374704100867,
        0.47665729035030713,
        0.4540834128856659,
        0.46781999143687164,
        0.4533697773109783,
        0.48419517278671265,
        0.4523863440210169,
        0.4471874643455852,
        0.45752111077308655,
        0.43835566260597925,
        0.40330991419878875,
        0.43349387699907477,
        0.41284753517671063,
        0.4639458493752913,
        0.48989933187311346,
        0.5018983916802839,
        0.48200315778905695,
        0.46049941127950494,
        0.43204791166565637,
        0.4638338197361339,
        0.42644189433618024,
        0.441421470858834,
        0.43751059608025983,
        0.4599684097550132,
        0.43432321873578156,
        0.5219476954503492,
        0.4700674468820745,
        0.4536578059196472,
        0.40939032760533417,
        0.4083994274789637,
        0.4145366982980208,
        0.42039410363544116,
        0.3939098363572901,
        0.4043136780912226,
        0.4155586632815274,
        0.4125449332323941,
        0.4185381694273515,
        0.38950133323669434,
        0.465851827101274,
        0.474495375698263,
        0.423016447912563,
        0.39176384156400507,
        0.42680915106426587,
        0.40686638246883045,
        0.46273861960931256,
        0.43381557952273975,
        0.3901623514565555,
        0.42499639229340985,
        0.46602973341941833,
        0.43024344877763226,
        0.4197395714846524,
        0.39046150987798517,
        0.3913820521398024,
        0.39042595299807464,
        0.43152542276815936,
        0.3999423682689667,
        0.37802445888519287,
        0.37449830228632147,
        0.40760123187845404,
        0.4742027683691545,
        0.3916653936559504,
        0.3699108768593181,
        0.4330724288116802,
        0.4295506775379181,
        0.43179244886745105,
        0.39622025327249005,
        0.3918899893760681,
        0.4346623176878149,
        0.3860892247069966,
        0.8638681362975728,
        0.5462056181647561,
        0.5164191858334974,
        0.4845046942884272,
        0.40941171754490246,
        0.41097430749373004,
        0.39741089127280493,
        0.3602049540389668,
        0.38973149386319245,
        0.3703864000060342,
        0.341434275562113,
        0.35148154334588483,
        0.39930674704638397,
        0.36041577837683936,
        0.38478323817253113,
        0.376186341047287,
        0.35803037069060584,
        0.36235019293698395,
        0.40285925431685016,
        0.37334282289851795,
        0.43818345124071295,
        0.36552782492204144,
        0.4139337891882116,
        0.3990935981273651,
        0.38749169219623913,
        0.43114005435596814,
        0.3753418028354645,
        0.36650260470130225,
        0.3589429530230435,
        0.3476525870236484,
        0.3785089173100211,
        0.3609060211615129,
        0.37020648338577966,
        0.36336430365389044,
        0.37382955713705585,
        0.37648978287523444,
        0.3961169855161147,
        0.37216578830372204,
        0.38273912939158355,
        0.3423247689550573,
        0.36630170182748273,
        0.3567701415582137,
        0.4089936370199377,
        0.36898611079562793,
        0.3426502292806452,
        0.36490478298880835,
        0.37122615629976446,
        0.43980296633460303,
        0.4061824516816573,
        0.36646449024027045,
        0.8022351590069857,
        0.5588662949475375,
        0.5081534548239275,
        0.41825289076024835,
        0.38976266709241,
        0.37109414555809717,
        0.3595294004136866,
        0.36510042439807544,
        0.36831971732052887,
        0.36831059780987824,
        0.3499561006372625,
        0.3426902239972895,
        0.3300419260155071,
        0.34737495400688867,
        0.3548866808414459,
        0.34337308731946076,
        0.36174595085057343,
        0.3620872578837655,
        0.39904158494689246,
        0.37269246036356146,
        0.358664485541257,
        0.37532777948813006,
        0.4024634469639171,
        0.3442193594845859,
        0.38244361498139123,
        0.4262638471343301,
        0.36013261296532373,
        0.36870100823315705,
        0.3207902285185727,
        0.4032403257760135,
        0.40108847889033233,
        0.37144337729974225,
        0.3332054885950955,
        0.33534040505235846,
        0.36499866301363165,
        0.41878752274946734,
        0.4030869494784962,
        0.44504941593516956,
        0.32893347198312933,
        0.3456728295846419,
        0.3583626774224368,
        0.3273644203489477,
        0.4162548401138999,
        0.38839510625058954
    ],