{
    "input_params": {
        "file_path": "../data/wisdm_watch_full_40_encoded.npy",
        "n_channels": 12,
        "n_classes": 7,
        "dt": 0.05,
        "sample_duration": 2,
        "batch_size": 1024,
        "sample_time_modifier": 1,
        "enabled_classes": [
            1,
            6,
            7,
            8,
            13,
            14,
            17
        ]
    },
    "loss_t": [
        7.212975560165033,
        2.749925921602947,
        1.923767040415508,
        1.7718011082672491,
        1.6931061366709268,
        1.6074263264493245,
        1.545172624471711,
        1.4894147762438146,
        1.4296084584259405,
        1.3704680436994972,
        1.3162210249319308,
        1.277581066620059,
        1.2386316497151444,
        1.1850534241373947,
        1.1634294172612631,
        1.1334894924629024,
        1.1094707832103823,
        1.0839082148016952,
        1.0623073127211593,
        1.0483995734191522,
        1.036077906445759,
        1.0219665460470246,
        1.0203403612462485,
        0.9996831315319713,
        0.9892209593842669,
        0.9919432488883414,
        0.9792726883074132,
        0.9771845558794533,
        0.9568256139755249,
        0.9566096692550473,
        0.9460799897589335,
        0.9347745310969469,
        0.9327644196952262,
        0.9323319560144006,
        0.9240780836198388,
        0.9238779821046968,
        0.9210646675854195,
        0.8939257816570562,
        0.8920265799615441,
        0.8957653118342888,
        0.8916615058736104,
        0.8919679813268708,
        0.8958487728746926,
        0.8891027090026111,
        0.8779408946269895,
        0.8876912739218735,
        0.8912910993506269,
        0.8876961673178324,
        0.8940465537513175,
        0.8708836174592739,
        0.8708573885080291,
        0.8785248689535188,
        0.8760836429712249,
        0.860927840558494,
        0.8522933038269601,
        0.8617914377189264,
        0.8674446882271185,
        0.8709647684562497,
        0.8518388954604544,
        0.8740133032566164,
        0.8471330985790346,
        0.835235645131367,
        0.8330216262398696,
        0.8402054062703761,
        0.8272421956062317,
        0.8211823745471675,
        0.8269745983728548,
        0.844028122541381,
        0.8150586485862732,
        0.8209623403665496,
        0.8234545559417911,
        0.8126998296598109,
        0.8161250716302453,
        0.8161798250384447,
        0.8124906973140996,
        0.8152294943972331,
        0.8216630656544756,
        0.8127216275145368,
        0.8202378008423782,
        0.8093671711479745,
        0.8109122442036141,
        0.7980151132839483,
        0.817682501746387,
        0.8117819588358809,
        0.7949796667913112,
        0.8001892784746681,
        0.8081158254204727,
        0.8099206264426069,
        0.8120809691708263,
        0.8213436356404933,
        0.7939761615381008,
        0.8108880578017816,
        0.7981362328296755,
        0.8068530748530132,
        0.8057337984806154,
        0.8021791940782128,
        0.8055604245604538,
        0.7956817877001878,
        0.8051193225674513,
        0.801555582662908,
        0.7964915269758643,
        0.8111373316950914,
        0.8013791383766546,
        0.7790663184189215,
        0.7889953590020901,
        0.7933582634460635,
        0.7883815183872129,
        0.8008236594316436,
        0.7993191306183978,
        0.7981831504077446,
        0.7829263239372067,
        0.799213204442001,
        0.7931072348501624,
        0.7790224217787022,
        0.7859989913498483,
        0.7978455918591197,
        0.7867324221424941,
        0.7802328176614715,
        0.7960594834350958,
        0.7852854859538194,
        0.7786528468132019,
        0.778134261689535,
        0.7869626807003487,
        0.7849051269089303,
        0.7803010402656183,
        0.7828488829659253,
        0.7676551458312244,
        0.7938386012868184,
        0.7785633293593802,
        0.7828667541829551,
        0.7838005627073893,
        0.7714499613133873,
        0.7848022899976591,
        0.7829848716898662,
        0.7717345807610488,
        0.7821220348520976,
        0.7810396290406948,
        0.7735108078979864,
        0.765212191314232,
        0.7689301589640175,
        0.7705466209388361,
        0.7749566319512158,
        0.7792112507471224,
        0.7545313355399341,
        0.7752390649260544,
        0.767489955192659,
        0.776321530342102,
        0.7892129086866612,
        0.7750506415599729,
        0.7675898612999335,
        0.7642115427226555,
        0.7635438980125799,
        0.7636909237722072,
        0.7713323991473128,
        0.7625097821398479,
        0.7716453177172963,
        0.759319716837348,
        0.7477146576090556,
        0.7513967359938273,
        0.7478870909388472,
        0.7670229789687366,
        0.7695595462147783,
        0.756986471211038,
        0.7621220655557586,
        0.7840506158223967,
        0.7753074488988737,
        0.769451858066931,
        0.7668666868675046,
        0.7624695853489202,
        0.7815078380631237,
        0.761949252791521,
        0.7584326150940686,
        0.7763715197400349,
        0.7485214122911779,
        0.7494502038490481,
        0.7727786738698076,
        0.772039912095884,
        0.7753931240337651,
        0.7634684603388716,
        0.7529896381424694,
        0.7659476239506792,
        0.7549987987774175,
        0.7610023806734783,
        0.7530306621295649,
        0.7566443245585371,
        0.7463582288928148,
        0.7561506992433129,
        0.768690543930705,
        0.7642324188860451,
        0.7568386575070823,
        0.7479729318037266,
        0.7596292015982837,
        0.7662664768172474,
        0.7617700376161715,
        0.7641486859903103,
        0.752017170917697,
        0.7465506544927272,
        0.7606300711631775,
        0.7464782581096743,
        0.7504914228509112,
        0.7544065190524589,
        0.7481291148720718,
        0.7746358019549672,
        0.7541693608935286,
        0.7513860769388152,
        0.7504651677317735,
        0.7549363650926729,
        0.7511346383792598,
        0.7470011565743423,
        0.7419233452983018,
        0.7631745091298732,
        0.7562564931264738,
        0.753965132120179,
        0.7589938553368173,
        0.7574778969694929,
        0.7675108953220088,
        0.7426342760644308,
        0.7592743780554795,
        0.7541226308520247,
        0.7484164412428693,
        0.7432001320327201,
        0.748143856118365,
        0.7484553456306458,
        0.7544036841974026,
        0.7391353031484093,
        0.7492714974938369,
        0.7520950596507002,
        0.7458333256768017,
        0.7476452807100807,
        0.7427299560570135,
        0.7432729718161792,
        0.7414500248141405,
        0.7388333823622727,
        0.7458685258539711,
        0.7434344277149294,
        0.7469585741438517,
        0.7368396200784822,
        0.7584414729257909,
        0.7754667939209356,
        0.7354009253222767,
        0.7407909195597578,
        0.7325150399673276,
        0.7432975798118405,
        0.7458692091267284,
        0.7410798450795616,
        0.735647498107538,
        0.7411305381030571,
        0.730234006556069,
        0.7442921458221063,
        0.7489582649091395
    ],