{
    "input_params": {
        "file_path": "../data/wisdm_watch_full_40_encoded.npy",
        "n_channels": 12,
        "n_classes": 7,
        "dt": 0.05,
        "sample_duration": 2,
        "batch_size": 1024,
        "sample_time_modifier": 1,
        "enabled_classes": [
            1,
            6,
            8,
            13
        ]
    },
    "loss_t": [
        1.3724223789961443,
        0.8877408348995707,
        0.6167387016441511,
        0.5476801887802456,
        0.5424046853314275,
        0.5368865650633107,
        0.5328380128611689,
        0.44764787476995715,
        0.5118166687695876,
        0.5520700851212377,
        0.7977111028588336,
        0.5920744849287946,
        0.48703312485114386,
        0.4920819259208182,
        0.40968428746513696,
        0.3672455030938853,
        0.3681112061376157,
        0.3828587532043457,
        0.3085516665292823,
        0.3155196944008703,
        0.5263342935106029,
        0.43656599392061646,
        0.3242300165736157,
        0.33095326112664264,
        0.35441385015197424,
        0.4676303273957709,
        0.4159574832605279,
        0.28400960240675055,
        0.2925955309816029,
        0.31132708684257837,
        0.3964955793774646,
        0.3486332362112792,
        0.38327674114185833,
        0.37786273593487946,
        0.41177977686342987,
        0.3140997886657715,
        0.27753604559794715,
        0.29103737745596014,
        0.4604806874109351,
        0.3447799598393233,
        0.33624580372934754,
        0.3043976698232734,
        0.25598808669525647,
        0.29420689525811566,
        0.26595706654631573,
        0.26772442848786066,
        0.27094124063201575,
        0.31140815628611523,
        0.3018095681200857,
        0.2701207528943601,
        0.2873874824980031,
        0.2694192217743915,
        0.30653265248174255,
        0.2803411321795505,
        0.258323143357816,
        0.2445093704306561,
        0.2424943667391072,
        0.26075492345768475,
        0.23599895770135132,
        0.28817689224429754,
        0.3233902421982392,
        0.2880187118830888,
        0.24335909408071768,
        0.2297535162904988,
        0.24947114353594574,
        0.2658303846483645,
        0.2632618222547614,
        0.3098728786344114,
        0.2687319374602774,
        0.26722535555777344,
        0.26695465264113055,
        0.24274724592333255,
        0.23208668439284616,
        0.2289128310006598,
        0.2341648184734842,
        0.3084466982146968,
        0.26022450431533484,
        0.23756229294383008,
        0.2453584198070609,
        0.22480402109415634,
        0.24216808896997702,
        0.2336537585310314,
        0.2739224498686583,
        0.2630131911972295,
        0.2656859340875045,
        0.25809713291085284,
        0.22692554022954858,
        0.22147326560124106,
        0.22524260502794516,
        0.22321178926073987,
        0.23386433914951657,
        0.2371081275784451,
        0.247403380015622,
        0.2204749389835026,
        0.24229860240998474,
        0.2775993321252906,
        0.21904059920621954,
        0.22608631007049396,
        0.22887216897114462,
        0.20930969326392465,
        0.24496903497239816,
        0.22099231572254843,
        0.2066001496885134,
        0.22195767578871353,
        0.20282399621994598,
        0.20962111587109772,
        0.21060359218846197,
        0.20660846971947214,
        0.19439206434332806,
        0.22073786414187888,
        0.23898402763449628,
        0.22348994081434997,
        0.20748353522756827,
        0.21059732074322907,
        0.24459632453711136,
        0.24123388658399167,
        0.19842562532943228,
        0.24140949482503143,
        0.26314639980378357,
        0.2291019714396933,
        0.26252143732879474,
        0.22759370894535727,
        0.22511635267216226,
        0.24472388171631357,
        0.2226105695185454,
        0.20389281796372455,
        0.20575846602087436,
        0.21472169329290805,
        0.21768146753311157,
        0.19496971563152646,
        0.2265553908503574,
        0.2690434196720953,
        0.20896580167438672,
        0.20517591872940893,
        0.2182372043962064,
        0.32724739157635235,
        0.24175728727941928,
        0.2050918548003487,
        0.19713049414365189,
        0.1948341720778009,
        0.20996601750021396,
        0.20957793230595795,
        0.1926856870236604,
        0.2145295078339784,
        0.26287939496662305,
        0.2577018277800601,
        0.19577621636183365,
        0.21310295682886374,
        0.18531889500825302,
        0.1886212398176608,
        0.20254149255545242,
        0.20932601910570395,
        0.19733715575674307,
        0.24490865417148755,
        0.2366510234449221,
        0.1834099240925001,
        0.18087211834347766,
        0.18805678577526755,
        0.24584869133389514,
        0.2292050635037215,
        0.22043872397878897,
        0.19571536585040714,
        0.23406418380529984,
        0.23621047838874484,
        0.20723792521849924,
        0.19745362388051074,
        0.18231921416261923,
        0.1778007943345153,
        0.18341015862381976,
        0.201840341091156,
        0.18465142275976099,
        0.16875133857778882,
        0.1829174420107966,
        0.24465181257413782,
        0.23950096705685492,
        0.22591402154901755,
        0.1856394876604495,
        0.19805870237557785,
        0.18751101001449252,
        0.17121509073869043,
        0.20671591810558154,
        0.18766947220201077,
        0.1841752338020698,
        0.18736356496810913,
        0.1747868793166202,
        0.16423738132352414,
        0.17436468925165094,
        0.20200315506561942,
        0.1923688740833946,
        0.16668614291626474,
        0.176144122429516,
        0.18975697263427402,
        0.1727171047874119,
        0.18294206877117572,
        0.1888839012902716,
        0.2215741270262262,
        0.18934020594410275,
        0.20363394462543985,
        0.19995096196299014,
        0.174991386740104,
        0.18261475018832996,
        0.18582313928915106,
        0.18622152053791544,
        0.1869289272505304,
        0.19222337979337442,
        0.17260579700055328,
        0.17667202586713043,
        0.18455673624639926,
        0.16864873047756113,
        0.18217863855154617,
        0.1734084849772246,
        0.1766742202250854,
        0.2064518390790276,
        0.15813128261462503,
        0.16902318272901617,
        0.17375489551088083,
        0.16833337428777115,
        0.1718918243828027,
        0.16881824252398117,
        0.1812254857757817,
        0.16927009691362796,
        0.1801929422046827,
        0.16208034786193268,
        0.16257823744545813,
        0.2619439804035684,
        0.20093571815801703,
        0.17644889328790747,
        0.16215215752954068,
        0.1967315181441929,
        0.18750973628914874,
        0.17477156966924667,
        0.20130647718906403,
        0.2034546091504719,
        0.16729983169099558,
        0.1817135409168575,
        0.16653103770121283,
        0.1582741141319275,
        0.1509973131444143,
        0.1539636034032573,
        0.15916960265325464,
        0.18617020612177643,
        0.17251211340012756,
        0.15405410981696585,
        0.15574319725451263,
        0.15705985478732898,
        0.15624081505381543,
        0.15602607539166574,
        0.15820425813612732,
        0.21712993214959683,
        0.18920989723309226
    ],