{
    "input_params": {
        "file_path": "../data/4bit_spikeset_PHASE_full.npy",
        "n_channels": 12,
        "n_classes": 7,
        "dt": 0.05,
        "sample_duration": 2,
        "batch_size": 1024,
        "sample_time_modifier": 1,
        "enabled_classes": [
            1,
            6,
            7,
            8,
            13,
            14,
            17
        ]
    },
    "loss_t": [
        3.2959172463998563,
        1.8679637123898762,
        1.6750402305184342,
        1.4523095677538616,
        1.3780969206879778,
        1.2710327113546975,
        1.2305569706893549,
        1.185829124799589,
        1.1215345278018858,
        1.0494145373018777,
        1.0936850396598257,
        1.0392913803821657,
        1.0055824198373935,
        0.953749756987502,
        0.9497610723100057,
        0.9549711143098226,
        0.9498899433670974,
        0.9047410895184773,
        0.9049241048533742,
        0.9515403087546186,
        0.8917104034889035,
        0.8932739190938996,
        0.8902440725303278,
        0.8606214305249656,
        0.8737328241511089,
        0.8627390454455119,
        0.865082752413866,
        0.8372483936751761,
        0.838134105612592,
        0.8290482207042414,
        0.852821079696097,
        0.8353338183426275,
        0.8384647631063694,
        0.8374984729580763,
        0.83806878037569,
        0.8090252919894892,
        0.8168608677096483,
        0.8051545939794401,
        0.8138050422435854,
        0.8109292039057103,
        0.816566699888648,
        0.7908801785329493,
        0.7893444546839086,
        0.7789500791852068,
        0.7851092306579032,
        0.7963407810141401,
        0.7830228005967489,
        0.7864667540643273,
        0.7667821776576158,
        0.7873341819135155,
        0.7717732118397225,
        0.799352055642663,
        0.7772662770457384,
        0.7803255712113729,
        0.7805588172703255,
        0.7640311034714303,
        0.7578316170994829,
        0.7701423502549892,
        0.7523754224544619,
        0.7532519625454415,
        0.770813623579537,
        0.7462376167134541,
        0.7674307576039943,
        0.7733507796031672,
        0.7641685663200006,
        0.7784430791692036,
        0.7439189480572213,
        0.7477116134108567,
        0.7552852136332814,
        0.7758308954355193,
        0.7372568380541917,
        0.7298593928174275,
        0.7411479979026608,
        0.7412824732501332,
        0.7590179617811994,
        0.7233752070403681,
        0.7456932823832442,
        0.733803696748687,
        0.7359442827178211,
        0.7152154300271011,
        0.7386242442014741,
        0.7311553969615843,
        0.7592463129904212,
        0.7438336872472996,
        0.737855530366665,
        0.7238785857107581,
        0.7176679460013785,
        0.7138432220714849,
        0.7244334846008115,
        0.7291746880949997,
        0.7238568430993615,
        0.7403111152532624,
        0.7137270598876767,
        0.727224844258006,
        0.7575394714750895,
        0.7237771982099952,
        0.7119426131248474,
        0.7302307937203384,
        0.7016863037900227,
        0.7256743428183765,
        0.708239726903962,
        0.7058275952571775,
        0.7101065414707836,
        0.7212689213636445,
        0.7189032173738247,
        0.7019565905012736,
        0.7180505118718962,
        0.7195487298616549,
        0.7102423077676354,
        0.7033599934926847,
        0.7163333020559172,
        0.7172397709474331,
        0.7293044314151857,
        0.7020364345573797,
        0.697948678237636,
        0.696506200767145,
        0.6969551749345733,
        0.6892611108175138,
        0.7012461452949338,
        0.700078026550572,
        0.6889131040107913,
        0.6960619658958621,
        0.6951554999118899,
        0.708820798048159,
        0.6859928398597531,
        0.6976401893103995,
        0.703939882720389,
        0.6862461915830287,
        0.7099453821414854,
        0.70009136054574,
        0.6909374696452443,
        0.7010307006719636,
        0.7054849368769948,
        0.7014315782523737,
        0.6881262529187087,
        0.6842654638174104,
        0.7026262254249759,
        0.6895207573727864,
        0.6879491413511881,
        0.6909222588306521,
        0.6967125854841093,
        0.6970974323226184,
        0.6878453478580568,
        0.6716644226050958,
        0.697211544688155,
        0.7006331871195537,
        0.6816479331109582,
        0.6822602094673529,
        0.6820556535953428,
        0.6801595760554802,
        0.6951214133239374,
        0.6792373715377436,
        0.6936973246132455,
        0.6770852353514695,
        0.700469706116653,
        0.6710168210471549,
        0.6869175143358184,
        0.671707651964048,
        0.6545502354459065,
        0.6660916136532296,
        0.6816852732402522,
        0.6773165522552118,
        0.6949249171629185,
        0.6883124360224095,
        0.6891651793224055,
        0.6712494899586934,
        0.7027502961275054,
        0.6641292979077595,
        0.6899732467604847,
        0.6859838599111976,
        0.6654905851294355,
        0.6691146885476461,
        0.6771731885468087,
        0.6571685657268618,
        0.6748679818176642,
        0.6738322929638189,
        0.671466754703987,
        0.6753766871080166,
        0.6707024719656968,
        0.6658803340865345,
        0.6682006193370353,
        0.6595331255982562,
        0.6610429054353295,
        0.6464993619337315,
        0.6699749536630584,
        0.6885746761066157,
        0.6937015710807428,
        0.654672746251269,
        0.6584386476656285,
        0.6710186818750893,
        0.6652496776929716,
        0.6780381638829301,
        0.6520722479355044,
        0.6815158492181359,
        0.6726958838904776,
        0.6762971049401818,
        0.6579206513195504,
        0.6667217336049894,
        0.666099208157237,
        0.662774590457358,
        0.6622022419441037,
        0.6653980685443412,
        0.6756801721526355,
        0.6562274985197114,
        0.6572198940486442,
        0.6484778785124058,
        0.6579497354786571,
        0.6830730031176311,
        0.660165820179916,
        0.6493353233104799,
        0.664726626582262,
        0.6579978000826952,
        0.6737110760153794,
        0.6713862753495937,
        0.6663701984940505,
        0.6597335978252131,
        0.6498331863705705,
        0.6636301279067993,
        0.6645162832446214,
        0.6608886602448254,
        0.652515107538642,
        0.6475626724522289,
        0.6666379294744352,
        0.6581450715297605,
        0.675399544762402,
        0.6523840790841637,
        0.65199804887539,
        0.6499083856256996,
        0.660630010977024,
        0.6468759397181069,
        0.6455407040875133,
        0.6421215548747923,
        0.6536920448628868,
        0.6470078069989275,
        0.6582590254341684,
        0.6524518582879043,
        0.6630848457173604,
        0.6509184488436071,
        0.640843407409947,
        0.6459628648874236,
        0.6546326119725298,
        0.6739422722560603,
        0.6756068031962325,
        0.653248584851986,
        0.6651079058647156,
        0.6511408948316807,
        0.6524004485548996,
        0.6453079653949272,
        0.6497694224846072,
        0.6482375075177449
    ],