{
    "input_params": {
        "file_path": "../data/wisdm_watch_full_40_encoded.npy",
        "n_channels": 12,
        "n_classes": 7,
        "sample_duration": 2,
        "batch_size": 128,
        "sample_time_modifier": 0.02,
        "dt": 0.001,
        "enabled_classes": [
            0,
            2,
            5
        ],
        "use_onehot_labels": true
    },
    "loss_t": [
        0.3440944698262722,
        0.3427517534570491,
        0.3417770376442172,
        0.34090574984009386,
        0.3403281233412154,
        0.33985254168510437,
        0.3393700302492642,
        0.3390066482073872,
        0.33860632713804856,
        0.33821523950455035,
        0.3379164999681162,
        0.3376694733792163,
        0.33748478098964013,
        0.33731901941569986,
        0.337071067897986,
        0.3368785262953305,
        0.33671045683799905,
        0.33658255710669444,
        0.33650729504037413,
        0.3364440380258763,
        0.3364204889070903,
        0.33639647943753725,
        0.336343378885418,
        0.33630043817750105,
        0.3362681195668295,
        0.33623902763880736,
        0.3362348734909761,
        0.3362325634939451,
        0.33622840871202186,
        0.33621640302610734,
        0.33620485980459985,
        0.3362085546584839,
        0.33621224782145614,
        0.3361776181569336,
        0.3361900844049792,
        0.3361965496066614,
        0.33619747369001945,
        0.33622748505139183,
        0.3362556499369601,
        0.3362413380585664,
        0.3362482638223797,
        0.33622840913474983,
        0.33619193341715115,
        0.33616053487392183,
        0.336139293427163,
        0.33610235630197727,
        0.33611205199086075,
        0.33606218657595044,
        0.3360631083343046,
        0.33613790962712986,
        0.33612082613275407,
        0.33613467787174467,
        0.3361245192957263,
        0.3360866574530906,
        0.3361023550337933,
        0.3360838860484725,
        0.33609219836005083,
        0.3360972770139681,
        0.33608665787581854,
        0.3360607996054575,
        0.33605756785007235,
        0.3360801933082283,
        0.3360234002272288,
        0.3360372523889474,
        0.3360474109649658,
        0.3360377148533544,
        0.3360571064424853,
        0.3360312507084921,
        0.3360303259910421,
        0.3360441766732128,
        0.33601047066932027,
        0.3360146273535194,
        0.3360123175678524,
        0.3360363280942254,
        0.33600031357284976,
        0.3359966201985136,
        0.3360238620575438,
        0.33601462650806346,
        0.33599615731137866,
        0.3359892307021094,
        0.33599754343641564,
        0.3360123186246723,
        0.3359956963265196,
        0.33599384794843956,
        0.33598507592018617,
        0.3359998513198068,
        0.3359943108355745,
        0.3359624517302141,
        0.33598230620648,
        0.33599200189536343,
        0.3360547991931861,
        0.3361503771433594,
        0.3361790025910587,
        0.33618823792917507,
        0.33620486086141976,
        0.3362076305751259,
        0.33617946568955764,
        0.3362828924300823,
        0.3362635002068594,
        0.33630782619435734,
        0.33626119274619626,
        0.33633045122978533,
        0.3362579605680831,
        0.33641217744096796,
        0.3364149482114941,
        0.3364334188877268,
        0.33641587292894404,
        0.3364523490692707,
        0.3364154096190811,
        0.3363729301073872,
        0.33640848427799575,
        0.3363877069865558,
        0.3364615818710192,
        0.33642741572772356,
        0.3364324941702768,
        0.3364384962734601,
        0.3364015576687265,
        0.3364075604060017,
        0.3364246445344695,
        0.3363978638716623,
        0.33638678311456177,
        0.3364218739753074,
        0.3364204891184543,
        0.3363853967781608,
        0.3363877065638278,
        0.3363743168665162,
        0.336346150712764,
        0.33635122957804525,
        0.3363595408328036,
        0.33631613850593567,
        0.33634476501045496,
        0.33628889495599357,
        0.3363332217889475,
        0.33628289327553823,
        0.3363202932878589,
        0.336299515573691,
        0.3363115206255135,
        0.33631613766047974,
        0.3363664663852529,
        0.3363867829031978,
        0.3363743158096963,
        0.33646666369539624,
        0.33646897115605945,
        0.33642372150793143,
        0.33642418354961046,
        0.3364006350649164,
        0.33640155872554645,
        0.33636646786480084,
        0.33634522726349797,
        0.3363378390352777,
        0.3363475357809811,
        0.3363526146462623,
        0.33630320937075514,
        0.33635492316374543,
        0.3363207551181739,
        0.33633229749422544,
        0.3363036705669782,
        0.33630597992991723,
        0.33632075702044983,
        0.3363198314575439,
        0.33630597950718927,
        0.33629028108103054,
        0.33632121504621304,
        0.3363184470234188,
        0.33630782661708536,
        0.33632952883733924,
        0.3363179845590118,
        0.33628104764519007,
        0.3363059790844613,
        0.33630182472526604,
        0.3362865872839664,
        0.3363101357686604,
        0.33626257760304934,
        0.33631198182173655,
        0.3363018240911741,
        0.33629443691977373,
        0.33629536079176775,
        0.33630875006635136,
        0.33628197003763616,
        0.336323526311428,
        0.3362731971639268,
        0.3362376427819543,
        0.3363036724692541,
        0.3362847403854343,
        0.33626257696895734,
        0.3362944356515898,
        0.336277352791306,
        0.3362953601576758,
        0.3362750434283669,
        0.3362796598292412,
        0.3362505719171348,
        0.33625241797021094,
        0.33629905332064797,
        0.3362939757235507,
        0.33628704890291744,
        0.33628104510882223,
        0.3362417992547894,
        0.3362704263934007,
        0.33628243144522324,
        0.3362764295534039,
        0.3362556499369601,
        0.3362713504767587,
        0.33635954210098756,
        0.33642972509066266,
        0.3363927858518371,
        0.33646065947857307,
        0.3364671238347994,
        0.3364657381324903,
        0.33646758566511437,
        0.3364929812597045,
        0.33650129293719083,
        0.33643157135510277,
        0.33646112088616015,
        0.3364094075158978,
        0.3364754355122857,
        0.3364214119336284,
        0.3364777444524968,
        0.3364458834448605,
        0.33646574003476626,
        0.3364357271938459,
        0.33648374592158814,
        0.3364117164561089,
        0.3364689700992395,
        0.33644773203430445,
        0.33641402539632,
        0.3364278767125826,
        0.33639463232764116,
        0.33642002876768723,
        0.33642879952775673,
        0.3363757017233693,
        0.3363927850063811,
        0.3364315702982828,
        0.33640710005523466,
        0.33639555493145123,
        0.3363867829031978,
        0.33642002686541134,
        0.3363830880493137,
        0.33642649185572954,
        0.3364006333740045,
        0.336390938319213,
        0.33639232359879406,
        0.33641494905695,
        0.33639324810488,
        0.3364006352762804,
        0.33640525125442666,
        0.3363710821520352,
        0.3363807805886505,
        0.33640848427799575,
        0.33636739089133894,
        0.3364195658805523
    ],