{
    "input_params": {
        "file_path": "../data/wisdm_watch_full_40_encoded.npy",
        "n_channels": 12,
        "n_classes": 7,
        "dt": 0.05,
        "sample_duration": 2,
        "batch_size": 1024,
        "sample_time_modifier": 1,
        "enabled_classes": [
            6,
            8,
            13
        ]
    },
    "loss_t": [
        1.099489493502511,
        0.8947140442000495,
        0.7129895753330655,
        0.6477654013368819,
        0.6175962355401781,
        0.661981463432312,
        0.6219182776080238,
        0.5988098714086745,
        0.5677990979618497,
        0.48569825126065147,
        0.7064767612351311,
        0.5504667494032118,
        0.5373049345281389,
        0.43893785774707794,
        0.4058772689766354,
        0.4670674088928435,
        0.3872622814443376,
        0.4209522588385476,
        0.37449586888154346,
        0.3840322875314289,
        0.49082279536459184,
        0.48185934788650936,
        0.37209780845377183,
        0.35107144878970253,
        0.35879718760649365,
        0.33249230848418343,
        0.33461084299617344,
        0.2998981840080685,
        0.3510172698232863,
        0.34579773081673515,
        0.4403935025135676,
        0.39308283229668933,
        0.3317904422680537,
        0.31726910256677204,
        0.3257833156320784,
        0.30142874187893337,
        0.2843502114216487,
        0.32418690125147503,
        0.3022330386771096,
        0.3180847035513984,
        0.33149055143197376,
        0.32338786953025395,
        0.29645146429538727,
        0.3042825178967582,
        0.30215060379770065,
        0.3557911424173249,
        0.3086599194341236,
        0.28174536923567456,
        0.3183773391776615,
        0.2988773493303193,
        0.3191897165444162,
        0.2876160028907988,
        0.28508168045017457,
        0.2881760290927357,
        0.3161272489362293,
        0.32377538333336514,
        0.30716735786861843,
        0.31800950732496047,
        0.27382269004980725,
        0.28275852153698605,
        0.3169878042406506,
        0.28180458810594344,
        0.2719937206970321,
        0.26832607719633317,
        0.27408672455284333,
        0.27181879348225063,
        0.27159196469518876,
        0.39930594133006203,
        0.28720717711581123,
        0.27060698966185254,
        0.27611418068408966,
        0.27118894623385537,
        0.28089703619480133,
        0.2793698203232553,
        0.31208603498008514,
        0.26147907558414674,
        0.25197163969278336,
        0.25425126734707093,
        0.2682810227076213,
        0.2588583495881822,
        0.2676861758033435,
        0.27739741322067046,
        0.2702431513203515,
        0.25317124277353287,
        0.2543305117222998,
        0.24412626607550514,
        0.24272598408990437,
        0.25922777834865784,
        0.2740001132090886,
        0.2747239073117574,
        0.2821007917324702,
        0.255097606115871,
        0.2622586174143685,
        0.2649761587381363,
        0.25467882222599453,
        0.24919599129094017,
        0.26622897883256275,
        0.2572050243616104,
        0.26053111006816226,
        0.2834383166498608,
        0.30335599349604714,
        0.26656224495834774,
        0.25951507770352894,
        0.24198433425691393,
        0.24439991927809185,
        0.24075913843181398,
        0.24899458719624412,
        0.23713074955675337,
        0.24279028756750953,
        0.2507101065582699,
        0.2640608118640052,
        0.26144437740246457,
        0.24312432607014975,
        0.23481497085756725,
        0.241551097896364,
        0.27049563659562004,
        0.28311460630761254,
        0.24282225386963951,
        0.22826773838864434,
        0.22198369105656943,
        0.27995339532693225,
        0.2717469417386585,
        0.24169250826040903,
        0.23255565348598692,
        0.24965890165832308,
        0.24252906358904308,
        0.24078888611661065,
        0.2784118875861168,
        0.2488122491372956,
        0.2326034183303515,
        0.23039544704887602,
        0.22980784873167673,
        0.29621199684010613,
        0.2797878881295522,
        0.22962486081653172,
        0.23616986059480244,
        0.2140136957168579,
        0.23190887520710626,
        0.25871690693828797,
        0.27260395387808484,
        0.2584108006623056,
        0.24771269659201303,
        0.2464684396982193,
        0.2359416600730684,
        0.2566881817248132,
        0.2714332400096787,
        0.23515834742122227,
        0.2237828622261683,
        0.21395353145069546,
        0.21477501839399338,
        0.21347209066152573,
        0.227952987783485,
        0.21022122684452269,
        0.21672466148932776,
        0.21951505459017223,
        0.24063191728459465,
        0.22026966015497842,
        0.22693605886565316,
        0.22119930883248648,
        0.21650498774316576,
        0.2153556967775027,
        0.3215043718616168,
        0.22766254428360197,
        0.24146453042825064,
        0.22556209564208984,
        0.4659513235092163,
        0.2791115426354938,
        0.23643241160445744,
        0.2204139017396503,
        0.21628310945298937,
        0.22395254754357868,
        0.24243795292245018,
        0.22988630996810067,
        0.2354706194665697,
        0.24646758950418896,
        0.22500848273436228,
        0.20277125553952324,
        0.20902145405610403,
        0.22699272135893503,
        0.22383104181951946,
        0.2299759810169538,
        0.22860693600442675,
        0.23475449366701973,
        0.21254505713780722,
        0.2280830649865998,
        0.20745294872257444,
        0.21407075309091145,
        0.2564673125743866,
        0.23112036205000347,
        0.21294622702731025,
        0.21981379803684023,
        0.2048698233233558,
        0.20502298490868676,
        0.2202350695927938,
        0.22625804940859476,
        0.2062164685792393,
        0.22269239607784483,
        0.21841568499803543,
        0.2148002568218443,
        0.21803432454665503,
        0.21346598780817455,
        0.2189565673470497,
        0.2195618516869015,
        0.2121429377131992,
        0.1984435882833269,
        0.20255998522043228,
        0.21956154704093933,
        0.19870085103644264,
        0.19760282420449787,
        0.20655228777064216,
        0.23359295311901304,
        0.2519015015827285,
        0.43682923664649326,
        0.3001259317000707,
        0.27129318565130234,
        0.22827884803215662,
        0.22007185965776443,
        0.22524357669883305,
        0.22093649291329914,
        0.2232942067914539,
        0.2069991346862581,
        0.21097584813833237,
        0.21057823962635464,
        0.21948733594682482,
        0.22507436987426546,
        0.20977280702855852,
        0.2080011491974195,
        0.20613077779610953,
        0.19394776142305797,
        0.19615354554520714,
        0.20793960243463516,
        0.20473998453882006,
        0.20244111037916607,
        0.1947924867272377,
        0.19967241750823128,
        0.19089064250389734,
        0.2086078276236852,
        0.18457544512218899,
        0.20916517741150326,
        0.2488663742939631,
        0.22455160982078975,
        0.210525115331014,
        0.22095942745606104,
        0.2048263599475225,
        0.1872698821955257,
        0.19974845813380349,
        0.19761187914345,
        0.2343205139040947,
        0.24627337604761124,
        0.20096058067348269
    ],