{
    "input_params": {
        "file_path": "../data/4bit_spikeset_PHASE_full.npy",
        "n_channels": 12,
        "n_classes": 7,
        "dt": 0.05,
        "sample_duration": 2,
        "batch_size": 1024,
        "sample_time_modifier": 1,
        "enabled_classes": [
            1,
            6,
            7,
            8,
            13,
            14,
            17
        ]
    },
    "loss_t": [
        3.019919133767849,
        1.9340240286617745,
        1.8623646410500132,
        1.7898043161485253,
        1.7418911253533713,
        1.7621776301686356,
        1.7783096098318332,
        1.7282919418521043,
        1.7130209556440028,
        1.7084727374518789,
        1.8394427881008242,
        1.6966779929835623,
        1.6885533303749272,
        1.6861878081065853,
        1.7192075921267997,
        1.6001693155707382,
        1.5990365598259904,
        1.5905914132188006,
        1.5415868642853527,
        1.5316660026224649,
        1.8700106463781216,
        1.5917512149345585,
        1.6593457111498204,
        1.542048742131489,
        1.5980815015188077,
        1.5232447095033599,
        1.419868512851436,
        1.4938521414268306,
        1.3992199083653891,
        1.4179032459491636,
        1.709604792478608,
        1.551698138074177,
        1.4178551726224946,
        1.4007094168081515,
        1.3800893440479185,
        1.3017355319930286,
        1.566985316392852,
        1.334949272434886,
        1.33204324652509,
        1.4157805035753948,
        1.5598464593654726,
        1.4451710276487397,
        1.3389210264857223,
        1.2616641230699492,
        1.3603685716303384,
        1.3238878191971197,
        1.226042942302983,
        1.2060738976408796,
        1.2690708608162113,
        1.2108941427091273,
        1.432928082419605,
        1.257103475128732,
        1.2482097614102248,
        1.3862128897411068,
        1.1938737863447608,
        1.1695506107516405,
        1.1888700418355989,
        1.1363146305084229,
        1.1387471760191568,
        1.1624187434591897,
        1.3234352803811795,
        1.204425458501025,
        1.1692619047513821,
        1.0957169561851314,
        1.0131736237828324,
        0.8617373544995378,
        0.9077713998352609,
        0.7884643601208199,
        0.8902592847986919,
        0.8627802947672402,
        1.1425490989917662,
        0.9276880476532913,
        0.9050912900668818,
        0.8751028078358348,
        0.8219379477384614,
        0.8886475795652808,
        0.8418200074172602,
        0.7932103755997448,
        0.7996728623785624,
        0.7807429592783858,
        1.0024265995839747,
        0.8449500304896657,
        0.7917282770319682,
        0.7792214402338353,
        0.7625960300608379,
        0.7773858497782451,
        0.7482149019473936,
        0.7414930259309164,
        0.7548703536754702,
        0.7609727295433603,
        0.8707919266165757,
        0.7711452914447319,
        0.8279294516982102,
        0.7468164810320226,
        0.7643442837203421,
        0.7614684366598362,
        0.7337636889480963,
        0.7040851654075995,
        0.7163770664029006,
        0.7288761095302861,
        0.7619392377574269,
        0.7726686771323041,
        0.8037116803774019,
        0.7361770940989982,
        0.7314722203626866,
        0.7399397855851708,
        0.7173983323864821,
        0.7114728703731443,
        0.7451629493294692,
        0.6943205275186678,
        0.7092778755397331,
        0.692241139528228,
        0.7311052171195426,
        0.6760800626219773,
        0.7247334791392814,
        0.7275968121319283,
        0.8639590623902111,
        0.778397295533157,
        0.6869349232534083,
        0.6880430244817967,
        0.7375534947325544,
        0.7380580029836515,
        0.6966556964851007,
        0.7164001755598115,
        0.6947489031931249,
        0.6493620625356349,
        0.659137949710939,
        0.6566219576975194,
        0.6953070890612718,
        0.6622158056352196,
        0.7517772680375634,
        0.6894731914124838,
        0.6899671699942612,
        0.7496743783718203,
        0.7776356586595861,
        0.6874909299175914,
        0.6847919312919059,
        0.6621417228768511,
        0.6811240809719737,
        0.6882437118669835,
        0.7222287247820598,
        0.7262677070571155,
        0.6688521242723232,
        0.658015217722916,
        0.7015625500097508,
        0.6611506386501033,
        0.621823713546846,
        0.6601281296916124,
        0.696304457943614,
        0.650057580412888,
        0.6939413474827278,
        0.6941355321465469,
        0.7140530580427589,
        0.6837235238493943,
        0.6555575175983149,
        0.6719933297575974,
        0.6874261716517006,
        0.6680390195148748,
        0.6481662058248753,
        0.6309045829424044,
        0.7639079370149752,
        0.7071831255424313,
        0.7023114125903059,
        0.6875140725112543,
        0.6437754587429326,
        0.6726407394176577,
        0.6828745836164893,
        0.6407308389500874,
        0.655614806384575,
        0.6382088486741229,
        0.6506398901706789,
        0.6450752645004086,
        0.6254577767558214,
        0.7629395679729741,
        0.6736488763878985,
        0.7226841944019969,
        0.7042873283711876,
        0.6470593126808725,
        0.6127911355437302,
        0.6505512086356559,
        0.6710980897996484,
        0.6551191763180059,
        0.6451765182541638,
        0.69166215600037,
        0.6815322521256237,
        0.6859203766031963,
        0.6301562306357593,
        0.6167693850470752,
        0.6256311434071239,
        0.783786432045262,
        0.7328281431663327,
        0.6536890093873187,
        0.6132150772141247,
        0.6390854977979893,
        0.6211802552386028,
        0.6803243189323239,
        0.6166544149561626,
        0.6535821019149408,
        0.6258124403837251,
        0.6034789797736377,
        0.6417322318728377,
        0.652412317148069,
        0.6089622320198431,
        0.6855783477062132,
        0.7755979212318979,
        0.6480796613344332,
        0.6183056329808584,
        0.6281921209358587,
        0.636155598047303,
        0.6153181616852923,
        0.6420672070689317,
        0.6444324036923851,
        0.5947473659747984,
        0.6223681358302512,
        0.6313946639619222,
        0.6145654015424775,
        0.6559030646231117,
        0.6074406141188087,
        0.578004835582361,
        0.6871858762531746,
        0.6893158555030823,
        0.629003561124569,
        0.6251959568116723,
        0.6030143063242842,
        0.5860913025169838,
        0.6651524196310741,
        0.6021373824375432,
        0.5787139636714284,
        0.5878805023867909,
        0.6687748097791905,
        0.6468224947045489,
        0.6391101944737319,
        0.6146584095024481,
        0.6108825192218874,
        0.6369803489708319,
        0.5959896321703748,
        0.6766064966597208,
        0.6042084577606945,
        0.5793890029918857,
        0.6011108959593424,
        0.6540671616065793,
        0.6366305525709943,
        0.609483374328148,
        0.6008574272074351,
        0.5830143086793946,
        0.6135099806436678,
        0.6575254739784613,
        0.6427277297508426,
        0.5919441849720187,
        0.5725787972531667
    ],