{
    "input_params": {
        "file_path": "../data/4bit_spikeset_PHASE_full.npy",
        "n_channels": 12,
        "n_classes": 7,
        "dt": 0.05,
        "sample_duration": 2,
        "batch_size": 1024,
        "sample_time_modifier": 1,
        "enabled_classes": [
            1,
            6,
            7,
            8,
            13,
            14,
            17
        ]
    },
    "loss_t": [
        3.375498696071346,
        1.9681264191139034,
        1.830527785347729,
        1.7709183140498836,
        1.6826298294997797,
        1.570558437486974,
        1.4772464560299385,
        1.403869018322084,
        1.3610437381558302,
        1.3307663958247116,
        1.2908802759356615,
        1.2824384962640158,
        1.28458667092207,
        1.2656544068964517,
        1.2398845335332358,
        1.2230683623290644,
        1.2581127329570492,
        1.2217078325225086,
        1.1264405584916837,
        1.0440922670248078,
        1.0417567099012979,
        1.0244441541229807,
        0.997671572173514,
        1.008480883226162,
        0.9703111474106951,
        0.9865988827333217,
        0.9718445117880659,
        0.9476363280924355,
        0.9618640890935573,
        0.9303925706119072,
        0.9137216224903013,
        0.9067241360501546,
        0.913899484204083,
        0.9077814410372478,
        0.9125406160587217,
        0.8882590052558155,
        0.9077840810868798,
        0.8865680171222221,
        0.8728867725628179,
        0.9169663786888123,
        0.8799914296080427,
        0.868369451383265,
        0.8863890679871164,
        0.8568051820848046,
        0.8594655249176956,
        0.8732747886239028,
        0.8495712774555858,
        0.8823072285186954,
        0.8768205744464223,
        0.8419502159444298,
        0.856171273603672,
        0.846624864310753,
        0.8518080406072663,
        0.8534659990450231,
        0.8386232969237537,
        0.8586529129888953,
        0.8395472038082961,
        0.8236604274773016,
        0.8269693371726246,
        0.8414489147139759,
        0.8176287412643433,
        0.8306804037675625,
        0.832608872797431,
        0.8253759131198977,
        0.8172004484548802,
        0.8202766499868254,
        0.8106993872944902,
        0.8398608681632251,
        0.8170173240870964,
        0.8093937184752488,
        0.8213710770374392,
        0.8047775931474639,
        0.7923494969926229,
        0.8338272775091776,
        0.8184743189230198,
        0.8246795128031474,
        0.8009595449377851,
        0.8177118272316165,
        0.8007918552654546,
        0.7896938469351792,
        0.7981849501772624,
        0.793457839547134,
        0.7859377003297573,
        0.7962064990183202,
        0.8076178460586362,
        0.8179329822703105,
        0.8047381654018309,
        0.7926886910345496,
        0.78962501665441,
        0.7928342935515613,
        0.7788686534253563,
        0.7831625037076997,
        0.780929866360455,
        0.8050651259538604,
        0.7956105557883658,
        0.7870656237369631,
        0.7827459326604518,
        0.7839617729187012,
        0.8051760574666466,
        0.7790377488950404,
        0.7871760725975037,
        0.7594645183260847,
        0.7806941096375628,
        0.7717475222378243,
        0.7665811093842111,
        0.7820257791658727,
        0.7556098336126746,
        0.7777411676034695,
        0.7746246282647296,
        0.7741829970987831,
        0.7744816759737526,
        0.7689962227170061,
        0.7641683119099315,
        0.7714606959645341,
        0.7654423757297236,
        0.7713954477775388,
        0.7585907287713958,
        0.7567358235033547,
        0.7488533302051265,
        0.7594873905181885,
        0.7583472597889784,
        0.7750806604943624,
        0.7594770861835014,
        0.7570010932480417,
        0.7558212716404985,
        0.7505102361120829,
        0.7583973116990996,
        0.7758447251668791,
        0.7484145920451094,
        0.7595034634194723,
        0.7689246070094224,
        0.7375301079052251,
        0.7485767544769659,
        0.7540745531640402,
        0.7434917063247867,
        0.7403107096509236,
        0.7656243705168003,
        0.751592029885548,
        0.7517357279614705,
        0.7576201499962225,
        0.7596741391391288,
        0.7609431583706926,
        0.7375160906373001,
        0.7446035815448295,
        0.7413424006322535,
        0.7471216684434472,
        0.7453701525199704,
        0.745534731120598,
        0.7360788176699382,
        0.7408522701844936,
        0.7659730940330319,
        0.7386318532431998,
        0.7471479235625849,
        0.7380951977357632,
        0.7583400505345043,
        0.7479452897862691,
        0.7352059483528137,
        0.7457090485386733,
        0.7350589313158175,
        0.7342526767312026,
        0.7364612527009917,
        0.7517746178115287,
        0.7239807204502385,
        0.7488742834184228,
        0.7385032918395066,
        0.7337129479501305,
        0.7485777881087327,
        0.7266674521492749,
        0.7256811537393709,
        0.7233514029805254,
        0.7406024627569245,
        0.7224672465789609,
        0.7269680819860319,
        0.7346952397648882,
        0.726116048126686,
        0.723713730893484,
        0.7169640791125413,
        0.7314510258232675,
        0.7179391485888783,
        0.7328687499209148,
        0.711805349443017,
        0.7342559680706118,
        0.7226224279985195,
        0.7277898759376712,
        0.7218574576261567,
        0.7227597120331555,
        0.7225410182301591,
        0.7327149830213407,
        0.7424486177723583,
        0.7177250268982678,
        0.7242344239862953,
        0.7336393681968131,
        0.7272318645221431,
        0.7254217034432946,
        0.732378413037556,
        0.7256846820435873,
        0.7252557045075951,
        0.7117210045093443,
        0.7443413414606234,
        0.7350733541860813,
        0.7243563867196804,
        0.71338034112279,
        0.7128092181391832,
        0.7166285834661345,
        0.7244213601438011,
        0.7168553151735445,
        0.7211637438797369,
        0.7068762866462149,
        0.7305943311714544,
        0.7333151872565107,
        0.7185784243955845,
        0.7270656635121602,
        0.7203794383421177,
        0.7212327268065476,
        0.7037059417585048,
        0.7198844028682243,
        0.7199285670024592,
        0.7116971248533668,
        0.70628678362544,
        0.7140222351725508,
        0.712843391953445,
        0.713311616967364,
        0.7095151412777785,
        0.7219575977906948,
        0.7110719448182641,
        0.7025424358321399,
        0.7077396657408738,
        0.7170025633602608,
        0.7261152281993772,
        0.721140618731336,
        0.7058008909225464,
        0.6957349835372553,
        0.7114576697349548,
        0.6887616282556115,
        0.7073771866356454,
        0.7024833501839056,
        0.7079014269317069,
        0.7315876120474281,
        0.7017437583062707,
        0.7188797811182533,
        0.7095540238589775,
        0.7071224102159825,
        0.7276440437247114,
        0.6969062467900718,
        0.6957376730151292,
        0.6918011046037441,
        0.699405106102548,
        0.6912914630843372,
        0.6997051689682937,
        0.7080366088122856
    ],