{
    "input_params": {
        "file_path": "../data/wisdm_watch_full_40_encoded.npy",
        "n_channels": 12,
        "n_classes": 7,
        "dt": 0.05,
        "sample_duration": 2,
        "batch_size": 1024,
        "sample_time_modifier": 1,
        "enabled_classes": [
            1,
            6,
            7,
            8,
            13,
            14,
            17
        ]
    },
    "loss_t": [
        2.093175617659964,
        1.9458925782180414,
        1.945159714396407,
        1.9439122240717819,
        1.9389625148075382,
        1.9387932463390072,
        1.9372039539058035,
        1.937684937221248,
        1.9380451528037466,
        1.9395763612375028,
        1.950671794937878,
        1.931343508929741,
        1.9395211353534605,
        1.9139526791688872,
        1.9036281254233383,
        1.8845393512307145,
        1.8974697677100576,
        1.9007281937250278,
        1.8292462244266416,
        1.6972756211350604,
        1.8793735242471463,
        1.8356549652611338,
        1.8266377303658463,
        1.8215155543350592,
        1.7681359692317684,
        1.636831745868776,
        1.6258825412610682,
        1.6089852146986054,
        1.6129832093308611,
        1.566377546729111,
        1.7109648948762475,
        1.5960483812704318,
        1.5829914750122442,
        1.5588716384841175,
        1.567292001189255,
        1.5595183895855416,
        1.514721789011141,
        1.4776451151545456,
        1.4638267173999693,
        1.4439962898812644,
        1.6475863718405002,
        1.6001334015916033,
        1.4886134019712123,
        1.4529545190857678,
        1.4526071432160168,
        1.3783161872770728,
        1.265498978335683,
        1.1255570083129696,
        1.085053273817388,
        1.035103837164437,
        1.2734762662794532,
        1.1138612700671684,
        1.0445453451900948,
        1.0290649271592862,
        1.0096781326503288,
        0.9868682361230617,
        0.9868475867480766,
        0.9547604104367698,
        0.9575733178999366,
        0.9440734328293219,
        1.0963853743018173,
        1.044352394778554,
        0.9842291881398457,
        0.9445684988324236,
        0.9688113244568429,
        0.9610515047864217,
        0.9465883446902763,
        0.9301613903627163,
        0.9396905012247039,
        0.9186631848172444,
        1.0421467481589899,
        0.9689867467415042,
        0.8994916415796047,
        0.848325450245927,
        0.7867341681224543,
        0.7618661464714422,
        0.7732604640286144,
        0.726359569444889,
        0.710993856918521,
        0.7058545816235426,
        0.8246892777884879,
        0.778080717819493,
        0.7646052197712224,
        0.7313953768916246,
        0.7220077849015957,
        0.7072596128393964,
        0.690404061864062,
        0.6737066623641224,
        0.6804641805044035,
        0.6726825644330281,
        0.7420143557757866,
        0.6776404744241296,
        0.706858482302689,
        0.6817804647655021,
        0.6933273920198766,
        0.6927160664302546,
        0.6634259689144972,
        0.6487545240216139,
        0.6527205400350617,
        0.6676708547080435,
        0.6880289941299252,
        0.6557569881764854,
        0.6648463810362467,
        0.6696914114603182,
        0.6557640796754418,
        0.6519919590252202,
        0.6340090239920267,
        0.6333068609237671,
        0.6485469457579822,
        0.6406174403865162,
        0.661346624537212,
        0.6828283405885464,
        0.6315461673387667,
        0.6098006818352676,
        0.6213633694299837,
        0.6286999336103114,
        0.6066506694002849,
        0.5956647890370067,
        0.6159019673742899,
        0.6276086205389442,
        0.6521370425456907,
        0.6416017820195454,
        0.6148156058497545,
        0.6579537944095891,
        0.6109245710256623,
        0.6215270641373425,
        0.6410514174438104,
        0.647319248536738,
        0.6018969489306938,
        0.5818468070611721,
        0.6218397428349751,
        0.6173465833431337,
        0.6243482755451668,
        0.6054045485287178,
        0.6297439903747745,
        0.6177197098731995,
        0.6026924848556519,
        0.6327991252992211,
        0.6103921808847567,
        0.5735825714541645,
        0.6010785204608265,
        0.5929156120230512,
        0.6128166085336266,
        0.588645413154509,
        0.6182607950233832,
        0.6166525003386707,
        0.6099566352076646,
        0.5768556522160042,
        0.5773085799159073,
        0.5934172403521654,
        0.5960108143527333,
        0.5919757717993201,
        0.6224981975264665,
        0.583739566366847,
        0.58357268862608,
        0.5959971307254419,
        0.5638403783484203,
        0.5883880112229324,
        0.6437949872598415,
        0.5908068694719454,
        0.5787642234709205,
        0.597096761552299,
        0.6315051244526375,
        0.5776775137680333,
        0.5736628240201531,
        0.5775698023598369,
        0.55998198288243,
        0.5561252120064526,
        0.5870103516229769,
        0.598837624962737,
        0.5610778782425857,
        0.5640168495294524,
        0.5939998277803746,
        0.5768775591036168,
        0.5638662627557429,
        0.598519775925613,
        0.5805481352457186,
        0.5831201040163273,
        0.5757476382139253,
        0.5680800872605022,
        0.5722866436330284,
        0.569990848622671,
        0.560307643035563,
        0.5540928942401234,
        0.5665283908204335,
        0.5660344158730856,
        0.553909008095904,
        0.5808004097240728,
        0.5924528015822899,
        0.5707523066823076,
        0.5702366450937782,
        0.5558795812653332,
        0.5556010785626202,
        0.5682986822070145,
        0.564676169215179,
        0.5545509617503096,
        0.5341957356871628,
        0.5372138648498349,
        0.5626194288090962,
        0.5954826990278755,
        0.5763658910262875,
        0.5538501078035774,
        0.5470198312910591,
        0.5444701277628178,
        0.5501679327429795,
        0.5494128611029648,
        0.5568215541723298,
        0.573238574150132,
        0.5606800303226565,
        0.5545853616260901,
        0.5472200869060144,
        0.5557690168299326,
        0.5411479465845155,
        0.544866351092734,
        0.5296880849977819,
        0.5374663937382582,
        0.5230325322325636,
        0.5398672099520521,
        0.525661917721353,
        0.5325084270500555,
        0.5532355177693251,
        0.5344929426181607,
        0.5696777446967799,
        0.5899349131235262,
        0.5373707777116357,
        0.5435840451135868,
        0.5178528021021587,
        0.5394605136499172,
        0.5184866422560157,
        0.5176560333589229,
        0.5178762783364552,
        0.5448374951758036,
        0.5226837207631367,
        0.5261399658714853,
        0.5343285762682194,
        0.5387689180490447,
        0.5252183007030953,
        0.5290982287104536,
        0.5324460856798219,
        0.5505988895893097,
        0.5246203817972322,
        0.5305642434736577,
        0.5323423968582619,
        0.5386967949750947,
        0.5244039377061332,
        0.5160792964260753,
        0.5147993244775911,
        0.5682830992268353,
        0.5340742141735263,
        0.5248684468792706
    ],