{
    "input_params": {
        "file_path": "../data/4bit_spikeset_PHASE_full.npy",
        "n_channels": 12,
        "n_classes": 7,
        "dt": 0.05,
        "sample_duration": 2,
        "batch_size": 1024,
        "sample_time_modifier": 1,
        "enabled_classes": [
            1,
            6,
            7,
            8,
            13,
            14,
            17
        ]
    },
    "loss_t": [
        4.210222971148607,
        1.9086490317088802,
        1.8542274701886061,
        1.8357573718559452,
        1.8818488440862515,
        1.8652598596200711,
        1.8609235432089828,
        1.8129809600550955,
        1.8699408595154925,
        1.8020005807643984,
        1.8360996159111582,
        1.7088484124439518,
        1.6465128602051153,
        1.6687986298305233,
        1.6674100596730301,
        1.587386206882756,
        1.6714770968367414,
        1.5528722797952048,
        1.6017097467329444,
        1.5411347528783286,
        1.6622411681384575,
        1.578301909493237,
        1.5097063663529187,
        1.5023360833889101,
        1.500697333638261,
        1.4712830433031407,
        1.5270533794310035,
        1.5039449581285802,
        1.4797027023827158,
        1.4465910661511305,
        1.5854309942664169,
        1.4880531619234783,
        1.4471645704129847,
        1.4782307758563902,
        1.4225493553208142,
        1.4586209872873819,
        1.4860164828416778,
        1.3854619526281589,
        1.4112748430996407,
        1.3724911619977254,
        1.49578718732043,
        1.3868191445746072,
        1.3666634385178729,
        1.436068601724578,
        1.2755167251679955,
        1.3232172902037458,
        1.400449589985173,
        1.3549405220078259,
        1.2699722516827467,
        1.2825236669400844,
        1.3492366424420985,
        1.3408465181908957,
        1.4091861771374214,
        1.2942122133766734,
        1.3199747510072661,
        1.2747025664259748,
        1.4799508525104057,
        1.3976071171644258,
        1.327973453010001,
        1.2399175079857432,
        1.420470060371771,
        1.3152528884934216,
        1.306086944370735,
        1.1739378120841049,
        1.229470357662294,
        1.305831906272144,
        1.2949213690874053,
        1.244980564931544,
        1.2036992049798734,
        1.1871733520089127,
        1.284065958930225,
        1.2003215028018486,
        1.26138100391481,
        1.300775911749863,
        1.1650907877014904,
        1.1406389780160857,
        1.1255675946793906,
        1.1973242687016,
        1.2566079948006608,
        1.203345420883923,
        1.2211087971198848,
        1.1456775083774473,
        1.1043756400666587,
        1.1481644482147404,
        1.1290415656275865,
        1.0514215608922446,
        1.002796668831895,
        1.071807332155181,
        0.9996717034316644,
        0.9714711759148574,
        1.085498661529727,
        0.9850347827120525,
        1.112568315936298,
        0.9619308651947394,
        0.939546971786313,
        0.9795803035177836,
        0.9736996409369678,
        0.9444314328635611,
        0.9960404489098525,
        0.9014158525118013,
        0.9997088545706214,
        1.0158106917288245,
        0.8784512877464294,
        0.8849746628505427,
        0.8727423374245806,
        0.8601475983131223,
        0.8488929387999744,
        0.9269572714479958,
        0.868702315702671,
        0.7999937621558585,
        0.8317837729686643,
        0.8257927560224766,
        0.8218579132382463,
        0.8684301332729619,
        0.8322998038152369,
        0.809903168096775,
        0.8173765452896676,
        0.7808130165425743,
        0.8055084682092434,
        0.7967926336497795,
        0.8756127313869756,
        0.7982439820359393,
        0.8384245285173741,
        0.7908092417368074,
        0.7969702206006865,
        0.8165865046222035,
        0.7981846172635149,
        0.7682516371331564,
        0.7929078544058451,
        0.8272406575156421,
        0.8666813548018293,
        0.8454149263661083,
        0.8141487240791321,
        0.7721471132301703,
        0.7504813627498906,
        0.7695310290266828,
        0.7682665324792629,
        0.7909563169246767,
        0.7871453689365853,
        0.8041739187589506,
        0.7640743052087179,
        0.7485560571275106,
        0.7897012350035877,
        0.760620447193704,
        0.7752584931327076,
        0.8046118573444646,
        0.747762588466086,
        0.7462263979562899,
        0.7922150783422517,
        0.7988971413635626,
        0.8087557452480968,
        0.7404836329018197,
        0.7443268124650164,
        0.7820519979407148,
        0.7291515077032694,
        0.7559121876228146,
        0.7217864525027391,
        0.7416676602712492,
        0.7264707117545895,
        0.7200476396374587,
        0.7505690847955099,
        0.7559925797508984,
        0.7696853614434963,
        0.7286054855439721,
        0.7085215565634937,
        0.7374351431683797,
        0.7349598509509389,
        0.753143301824244,
        0.7151923891974659,
        0.6970491961735051,
        0.7422899458466506,
        0.6997090578079224,
        0.7113265220711871,
        0.749884273947739,
        0.7533032879596804,
        0.8028964385753725,
        0.7563522152784394,
        0.7050221867677642,
        0.7218907417320624,
        0.8048833972070275,
        0.7006736921101082,
        0.7592711041613323,
        0.7651706643220855,
        0.7326547983216076,
        0.7155627710063283,
        0.7123521261098908,
        0.7222138774104234,
        0.7030302504213845,
        0.703556659745007,
        0.7203020904122329,
        0.7041436506480705,
        0.806315038262344,
        0.7041097428740525,
        0.6968396524103676,
        0.7144324299765796,
        0.6978988473008318,
        0.7348650475827659,
        0.7030913917029776,
        0.6961975868155317,
        0.7250251493802885,
        0.7086182614652122,
        0.6847303364335037,
        0.6821983471149351,
        0.6810772811494222,
        0.6991612184338454,
        0.6731818478281905,
        0.695519374638069,
        0.6892459087255525,
        0.6820123500940276,
        0.6870873163386089,
        0.7309597105514712,
        0.6939767453728652,
        0.7575478117640425,
        0.6867692383324228,
        0.7175309454522482,
        0.7123396440250117,
        0.7724578525961899,
        0.6747661988909651,
        0.6843482154171642,
        0.7212901537011309,
        0.6686164198852167,
        0.7423697012226756,
        0.7502960170187601,
        0.7569696234493721,
        0.7589366973900213,
        0.6757355594053501,
        0.6695831592490034,
        0.701296172490934,
        0.6893811371268296,
        0.6585687355297368,
        0.667718355248614,
        0.6916336388122745,
        0.7228936204096166,
        0.7708328540732221,
        0.6908758835094732,
        0.6858529506660089,
        0.6583761630988703,
        0.6991532648481974,
        0.7090787669507469,
        0.6711622258511986,
        0.7038103269367684,
        0.7080594344836909,
        0.6842918497760121,
        0.6874369150254784,
        0.6678614282026524,
        0.6946859301590338,
        0.6601584248426484,
        0.7634725381688374,
        0.643994399687139,
        0.6529240433762713
    ],