{
    "input_params": {
        "file_path": "../data/4bit_spikeset_PHASE_full.npy",
        "n_channels": 12,
        "n_classes": 7,
        "dt": 0.05,
        "sample_duration": 2,
        "batch_size": 1024,
        "sample_time_modifier": 1,
        "enabled_classes": [
            1,
            6,
            7,
            8,
            13,
            14,
            17
        ]
    },
    "loss_t": [
        4.907410028504162,
        1.9049348075215409,
        1.8046528827853319,
        1.6863542678879528,
        1.4575211623819864,
        1.3003630492745377,
        1.235369720110079,
        1.183512626624689,
        1.160279963074661,
        1.1218482721142653,
        1.3149577146623193,
        1.1313431001291043,
        1.0820676946058505,
        1.0596967993713007,
        1.0182291458292705,
        1.0186237314852273,
        0.998144260266932,
        0.9656369133693415,
        0.9645589226629676,
        0.9453198778920058,
        1.025971127719414,
        0.9587367947508649,
        0.9492359088688362,
        0.9440211028587527,
        0.9337439973179887,
        0.9142823582742272,
        0.9049798061208028,
        0.9069679335850042,
        0.9013450654541574,
        0.8964749690963001,
        0.9373994367878612,
        0.915627212059207,
        0.9094617235951308,
        0.8693442664495329,
        0.8883527095724897,
        0.8945107765314055,
        0.8545892776512518,
        0.8394322424400144,
        0.8293359977443043,
        0.8210679001924468,
        0.8636769681442075,
        0.8394509844663667,
        0.8509494066238403,
        0.8410287019683094,
        0.8298814820080269,
        0.8194548662115888,
        0.8271501747573294,
        0.8155580918963362,
        0.8038614901100717,
        0.8019477681415838,
        0.8329968263463277,
        0.8288448452949524,
        0.8106391095533604,
        0.801846502757654,
        0.7945862528754444,
        0.7922669968953947,
        0.8109077636788531,
        0.7853249573126072,
        0.7922707825172238,
        0.7942075961973609,
        0.8062469116071376,
        0.8011839709630827,
        0.7957721614256138,
        0.7981163844829653,
        0.778330839261776,
        0.7757346542870126,
        0.7780149128378891,
        0.7871625583346297,
        0.7811866271786574,
        0.7841003958771868,
        0.7955450779054223,
        0.7918926215753322,
        0.7695313183272757,
        0.7944162662436323,
        0.7896068299688944,
        0.7614035533695687,
        0.7702296637907261,
        0.783300510266932,
        0.7939153633466581,
        0.767596052914131,
        0.7756319104171381,
        0.7599418439516207,
        0.767880685445739,
        0.7612970093401467,
        0.7628460962597917,
        0.7554805336928949,
        0.7529387837503014,
        0.75212845860458,
        0.7459492087364197,
        0.750847330907496,
        0.7691403496556166,
        0.7474320821645783,
        0.7634099111324404,
        0.7566960686590614,
        0.7623529492354975,
        0.7559374948827232,
        0.7503468292515453,
        0.7543822643233509,
        0.7529088258743286,
        0.7474389396062712,
        0.7643634720546443,
        0.7819659811694447,
        0.7649179653423589,
        0.7500601643469276,
        0.7502913038905074,
        0.7384645502741743,
        0.7616544453109183,
        0.7461397793234849,
        0.769102964459396,
        0.7768671236387114,
        0.7562146114140023,
        0.7496105854104205,
        0.737116466208202,
        0.749861148799338,
        0.7483919800781622,
        0.7382582280693984,
        0.7503061846988958,
        0.7392012753137728,
        0.7369570892031599,
        0.7335244998699282,
        0.7525898130928598,
        0.7423128500217344,
        0.7536432932062846,
        0.7559212039156658,
        0.7439328969978705,
        0.743159029541946,
        0.739053108343264,
        0.7281220947823873,
        0.7508092333630818,
        0.7463857313481773,
        0.7592189195679455,
        0.7412648797035217,
        0.7476607183130776,
        0.7378973146764244,
        0.7329229828788013,
        0.7323214382660098,
        0.7296946339490937,
        0.7284731952155509,
        0.7226082740760431,
        0.7421182350414556,
        0.748509085759884,
        0.7370228360338908,
        0.7277960224849421,
        0.7359624781259676,
        0.721092494522653,
        0.7310123472678952,
        0.7259518344227861,
        0.7222311235055691,
        0.72585413514114,
        0.7562166903077102,
        0.7459818226535145,
        0.7233288971389212,
        0.7247923220076212,
        0.7354712573493399,
        0.7178694024318601,
        0.7247398379372387,
        0.7345452235966194,
        0.7219216925341908,
        0.7257278038234245,
        0.7163869331522685,
        0.713201163745508,
        0.7512393477486401,
        0.7112254849294337,
        0.7278618754410162,
        0.7156752638700532,
        0.7247316706471327,
        0.7209944434282256,
        0.738127961391356,
        0.732143165134802,
        0.7108168631065183,
        0.7405933403387303,
        0.7363055624612947,
        0.7416945681339357,
        0.7248777456399871,
        0.7256049964486099,
        0.7205360604495537,
        0.7156688091231556,
        0.7111686729803318,
        0.7195136416249159,
        0.7185762350152178,
        0.725302995705023,
        0.72403836104928,
        0.7316784509798375,
        0.7179060709185716,
        0.7208090860669206,
        0.7125780248060459,
        0.7223758275915937,
        0.7076312972278129,
        0.7226769429881398,
        0.743657846276353,
        0.7362387805450253,
        0.7494998196276222,
        0.7215213790172483,
        0.7198846354717161,
        0.7214497676709803,
        0.7052339518942484,
        0.7054904510335225,
        0.7058283570336132,
        0.7123834287248006,
        0.713631552893941,
        0.7249260922757591,
        0.7249429298610222,
        0.7198205953691064,
        0.7039187303403529,
        0.710082933670137,
        0.7000396033612694,
        0.7063572959202092,
        0.7129706783992488,
        0.6963029780038973,
        0.7178614023255139,
        0.714206816219702,
        0.7212050586211972,
        0.7124614250369188,
        0.7050494449894603,
        0.7022291858021806,
        0.7144659699463263,
        0.7319959896366771,
        0.7171113549209223,
        0.7072985288573475,
        0.7014940497351856,
        0.7176099652197303,
        0.726141903458572,
        0.7018109414635635,
        0.7059017434352781,
        0.7032275505182219,
        0.6956499945826646,
        0.6924195871120546,
        0.7030444130664919,
        0.7118770538306818,
        0.7143684422097555,
        0.7209051498552648,
        0.6998527631527041,
        0.7180156911291727,
        0.7136984772798491,
        0.7028233161786708,
        0.7078364782217073,
        0.7258849623726635,
        0.7071150454079232,
        0.6998165671418353,
        0.7193234635562431,
        0.7130911641004609,
        0.7180496163484527,
        0.7157640529841911,
        0.7029136797276939,
        0.6981882191285854,
        0.7135064950803431,
        0.7089125862935695,
        0.7007123101048354,
        0.6918802450342876,
        0.6964602150568148
    ],