{
    "input_params": {
        "file_path": "../data/4bit_spikeset_PHASE_full.npy",
        "n_channels": 12,
        "n_classes": 7,
        "dt": 0.05,
        "sample_duration": 2,
        "batch_size": 1024,
        "sample_time_modifier": 1,
        "enabled_classes": [
            6,
            8
        ]
    },
    "loss_t": [
        0.6054089864095052,
        0.49803759902715683,
        0.45107924938201904,
        0.39851444711287815,
        0.4514925330877304,
        0.3882001613577207,
        0.444982074201107,
        0.38213547070821124,
        0.3859481414159139,
        0.39929090440273285,
        0.45845940460761386,
        0.4179825509587924,
        0.3980446184674899,
        0.4137851918737094,
        0.3720211734374364,
        0.30747303180396557,
        0.19327452965080738,
        0.13149035877237716,
        0.10227963421493769,
        0.08036715413133304,
        0.31288787225882214,
        0.14563593516747156,
        0.135907880961895,
        0.0959008779997627,
        0.08701570642491181,
        0.07296784253170092,
        0.08368787324676911,
        0.06969136868913968,
        0.07389179492990176,
        0.07216553234805663,
        0.10523150954395533,
        0.11970104152957599,
        0.07773864921182394,
        0.0723488846172889,
        0.06546792139609654,
        0.0640226739148299,
        0.07856766600161791,
        0.06636476734032233,
        0.06266714228938024,
        0.05328557329873244,
        0.09311941793809335,
        0.08021408754090469,
        0.07106263438860576,
        0.059231862736245,
        0.05992426040271918,
        0.057040879192451634,
        0.06358958625545104,
        0.12566494445006052,
        0.06945280948032935,
        0.06861020717769861,
        0.08550414443016052,
        0.0678666081900398,
        0.05682546210785707,
        0.05957684417565664,
        0.056457532259325184,
        0.05868147065242132,
        0.051621729508042336,
        0.05793824791908264,
        0.06463432218879461,
        0.064409705499808,
        0.06933687813580036,
        0.06153222142408291,
        0.05959708336740732,
        0.05625170283019543,
        0.07261795115967591,
        0.05649321308980385,
        0.04681646451354027,
        0.0464707564873,
        0.05463278448830048,
        0.051709429205705724,
        0.05450496387978395,
        0.054905895764629044,
        0.0537608975234131,
        0.04644000375022491,
        0.046061256900429726,
        0.045706291838238634,
        0.04812454851344228,
        0.042454693311204515,
        0.08926908144106467,
        0.08045770103732745,
        0.06251391877109806,
        0.04708228415499131,
        0.046664994210004807,
        0.04462849364305536,
        0.0410430741806825,
        0.04162283055484295,
        0.036118997571369015,
        0.03643728140741587,
        0.0353912158558766,
        0.03696868227173885,
        0.04651625159506997,
        0.038714971859008074,
        0.03883392705271641,
        0.035233148373663425,
        0.035267958572755255,
        0.03720948752015829,
        0.04734946181997657,
        0.05978446127846837,
        0.05842917878180742,
        0.041981954437990986,
        0.047007859063645206,
        0.042019523990650974,
        0.03824151617785295,
        0.057506454487641655,
        0.053913239700098835,
        0.050985067461927734,
        0.043998474876085915,
        0.044219197084506355,
        0.039630448911339045,
        0.03634615537400047,
        0.04872986767441034,
        0.03938699311887225,
        0.0337161913048476,
        0.03736870440964898,
        0.03197765272731582,
        0.03372243496899804,
        0.04188037166992823,
        0.03429354183996717,
        0.037763741333037615,
        0.03574165282770991,
        0.03379147375623385,
        0.03494327779238423,
        0.03436041964838902,
        0.03960920808215936,
        0.03386411303654313,
        0.02932231834468742,
        0.028847485159834225,
        0.028087925786773365,
        0.03019466615902881,
        0.029308412224054337,
        0.033897345109532274,
        0.038851008750498295,
        0.02845310280099511,
        0.03578427038155496,
        0.04001940212522944,
        0.03089714826395114,
        0.034751517698168755,
        0.03238493793954452,
        0.03053279717763265,
        0.030071142129600048,
        0.03372173880537351,
        0.032802467389653124,
        0.029492035663376253,
        0.03434896244046589,
        0.028541262339179713,
        0.028386053241168458,
        0.027994928881525993,
        0.02604889078065753,
        0.023205258301459253,
        0.03172692757410308,
        0.030259974688912433,
        0.039071839613219105,
        0.03204601847877105,
        0.028304387427245576,
        0.04059310754140218,
        0.036272482791294657,
        0.039334941655397415,
        0.051381809481730066,
        0.060274537497510515,
        0.04893348955859741,
        0.037620631977915764,
        0.03219071760152777,
        0.032109277012447514,
        0.03336243913508952,
        0.036484793992713094,
        0.0295561986664931,
        0.031102112339188654,
        0.02935736859217286,
        0.029684601274008553,
        0.04059595847502351,
        0.15441075976317128,
        0.32110705071439344,
        0.12337324271599452,
        0.06128748723616203,
        0.048238593308875956,
        0.04233028506860137,
        0.03853935996691386,
        0.03982766220966975,
        0.0381698157483091,
        0.03478623290235797,
        0.03445664172371229,
        0.029307556338608265,
        0.03153278950291375,
        0.03801532400151094,
        0.029535718106975157,
        0.02641916445766886,
        0.0250966710348924,
        0.02472082308183114,
        0.023048608874281246,
        0.026202105296154816,
        0.02942017155388991,
        0.029880431325485308,
        0.02463559356207649,
        0.035373028445368014,
        0.04553395804638664,
        0.03683580302943786,
        0.037523581025501095,
        0.027501474367454648,
        0.023533949395641685,
        0.026773220549027126,
        0.028857965332766373,
        0.02717487917592128,
        0.025881807940701645,
        0.02438990546700855,
        0.028335005743429065,
        0.025478081855302055,
        0.022008101533477504,
        0.02476809740376969,
        0.03131094272248447,
        0.037616593685622014,
        0.03723224780211846,
        0.034432326055442296,
        0.033059684870143734,
        0.02734419920792182,
        0.02320056742367645,
        0.03204282831090192,
        0.03403064146793137,
        0.03277321198644737,
        0.030967844494928915,
        0.024176030264546473,
        0.025848689799507458,
        0.025021746133764584,
        0.02234011112401883,
        0.021012288440639775,
        0.01917584865198781,
        0.027365580899640918,
        0.02264575062630077,
        0.020676776223505538,
        0.026109272381290793,
        0.027503556727121275,
        0.026307427246744435,
        0.02607647826274236,
        0.023745122908925016,
        0.02412288977454106,
        0.021458660330002505,
        0.023721269564703107,
        0.020375649599979322,
        0.021724564488977194,
        0.0240088674860696,
        0.02203848973537485,
        0.02645902056246996,
        0.028932288521900773,
        0.024367766299595434,
        0.024959146821250517,
        0.02902307314798236,
        0.02362860832363367,
        0.030646884503463905,
        0.056932057409236826,
        0.02838142782760163,
        0.024339397437870502
    ],