{
    "input_params": {
        "file_path": "../data/4bit_spikeset_PHASE_full.npy",
        "n_channels": 12,
        "n_classes": 7,
        "sample_duration": 2,
        "batch_size": 128,
        "sample_time_modifier": 0.02,
        "dt": 0.001,
        "enabled_classes": [
            13,
            15,
            16,
            17
        ],
        "use_onehot_labels": true
    },
    "loss_t": [
        0.26773852912873186,
        0.26267963323568433,
        0.25991970485973853,
        0.2584887628728244,
        0.2576731054276382,
        0.25678559659058564,
        0.25595121880887084,
        0.25527293756218156,
        0.254782126048686,
        0.25444766724665546,
        0.25375192878777497,
        0.25284974717105607,
        0.252675939100394,
        0.2525785356914441,
        0.2525656323667635,
        0.25249732420852145,
        0.25246215746810396,
        0.25240422159896614,
        0.2523877765848229,
        0.25231693862633386,
        0.2522865777806297,
        0.2522405339646216,
        0.25224255836071746,
        0.25219600666989933,
        0.25215527415275574,
        0.2521398431896546,
        0.2521077113448029,
        0.2520925314624075,
        0.25204496741912524,
        0.25206115965398485,
        0.25202599337681586,
        0.252032572278087,
        0.2520234640398174,
        0.2519991768456494,
        0.2520057546660072,
        0.252029535529527,
        0.2520196689534064,
        0.2520320656386064,
        0.25204623316853775,
        0.25205382287811123,
        0.2520391505616934,
        0.25203080112452336,
        0.25201283680960307,
        0.25200195896193156,
        0.2520095492891697,
        0.251977924392631,
        0.25195667302052593,
        0.25197134626344075,
        0.2519384576248999,
        0.25192403623477166,
        0.2519374455812681,
        0.25191720517188154,
        0.2519258076199596,
        0.2518848222463242,
        0.2519217587505598,
        0.2518992428643716,
        0.25187217200975964,
        0.25191366332800275,
        0.2519065812616151,
        0.25188102715991323,
        0.25189317075699724,
        0.25187445026605243,
        0.2518769789853862,
        0.2518709064147633,
        0.2518509206376545,
        0.25187090626034714,
        0.2518916531547981,
        0.2518764731179865,
        0.2518901344716858,
        0.25189342237815954,
        0.25191113352775574,
        0.25191189248327145,
        0.25189393048459385,
        0.2518972189315242,
        0.2518769789853862,
        0.25190177297345095,
        0.25187748516161823,
        0.2518941832638775,
        0.2518954487044577,
        0.25187495489812267,
        0.25187697929421854,
        0.25188507595210496,
        0.2518655944982341,
        0.25188634015735567,
        0.2518666060786173,
        0.25188381004827626,
        0.2518671133357626,
        0.25188305109276055,
        0.2518881106932546,
        0.25187267849482403,
        0.25186938896698036,
        0.2518921585589493,
        0.2518984837544397,
        0.25188988184681826,
        0.25192934954104645,
        0.25191391718819967,
        0.2519169534735111,
        0.2519083503305603,
        0.2519078458529062,
        0.25193137347389377,
        0.25192353083062047,
        0.2519364334604283,
        0.25191391579845407,
        0.2519258072339191,
        0.2519303617390944,
        0.251931879804542,
        0.2519058205303133,
        0.2519394695141155,
        0.2519450345187607,
        0.25192631371898355,
        0.2519407344914471,
        0.25191796520831056,
        0.2519308685329912,
        0.2519549010948814,
        0.25192707213404264,
        0.2519435166077293,
        0.2519217596770568,
        0.2519298564893594,
        0.2519080973968605,
        0.25194984203484394,
        0.25192049439089287,
        0.25192732545378294,
        0.25192909660734664,
        0.25194554084940896,
        0.2519652743104826,
        0.25189797788704,
        0.25195136002308344,
        0.25191720548071395,
        0.2518959545718574,
        0.2518908936588258,
        0.2519136634052109,
        0.25193845716165136,
        0.2519068330371936,
        0.25190784399991206,
        0.25190936206535974,
        0.2518924138088918,
        0.25191973528096095,
        0.2519255541458031,
        0.2518787505249903,
        0.2519075913750446,
        0.251879002454985,
        0.25191771134811364,
        0.25188406290476806,
        0.2518807754615428,
        0.25190657979466136,
        0.2519078440771202,
        0.25188735189215505,
        0.25186154771345265,
        0.2518924125735624,
        0.2519005070696223,
        0.2518974712475594,
        0.2518843171510054,
        0.25188988207844254,
        0.25187874936686894,
        0.2519475657087534,
        0.2520381374371484,
        0.2520634368293644,
        0.2520178991123802,
        0.25200828400300573,
        0.25200322579225726,
        0.25201131982506864,
        0.25198804421128385,
        0.2520047418502946,
        0.252016125719782,
        0.2519870321676521,
        0.2519989227538282,
        0.2519796967815241,
        0.2520130911330485,
        0.25200423721822435,
        0.25198222411111226,
        0.25198930949744786,
        0.25199082709964693,
        0.2520095488259212,
        0.2520070185624256,
        0.25197589922445424,
        0.2519991766912332,
        0.2519766595697156,
        0.2520055001881456,
        0.2520044894570514,
        0.2520006933669352,
        0.2519870334029815,
        0.2519784301828226,
        0.2519968993614375,
        0.25199664550124057,
        0.25200499555607536,
        0.2519862736753849,
        0.25200980222286956,
        0.25200448860776237,
        0.25198450313948595,
        0.2520012007784967,
        0.25200752535632237,
        0.25197716651802854,
        0.2519938626128775,
        0.2519829846107898,
        0.25198981521043134,
        0.2519976583941613,
        0.251969322793842,
        0.25200651369873106,
        0.25198855023309974,
        0.25198070758982644,
        0.25199563453852203,
        0.25197109332974094,
        0.2519958863141005,
        0.2519933567454778,
        0.2519807065089132,
        0.25198020079592964,
        0.2520042358284787,
        0.25198450391156685,
        0.25198045481054276,
        0.25199386307612603,
        0.25199158543749794,
        0.25199588700897335,
        0.25201739239569154,
        0.2519764063271834,
        0.25199968140051154,
        0.25198981521043134,
        0.2519759004597837,
        0.252002212436088,
        0.25199993487466804,
        0.251993104738275,
        0.251970081131693,
        0.2519994300881816,
        0.2520130898977191,
        0.2520105610239691,
        0.25200297123718757,
        0.2520176445573105,
        0.25199057493802796,
        0.25201511506589586,
        0.25202422191441987,
        0.2520189095346421,
        0.2519910798789306,
        0.25205053412234846,
        0.25202447531136823,
        0.25205129323228037,
        0.25204547498510294,
        0.25202068107424624,
        0.25201815166003966,
        0.2520421849940107,
        0.2520394026461043,
        0.2520229570915044,
        0.2520257407519484,
        0.25204825802788217,
        0.25201283804493246,
        0.252036112577804,
        0.25205053412234846,
        0.2520234638854012,
        0.2520391497896125,
        0.252033077527822,
        0.25202877703725984,
        0.25202396959838474
    ],