{
    "input_params": {
        "file_path": "../data/wisdm_watch_full_40_encoded.npy",
        "n_channels": 12,
        "n_classes": 7,
        "dt": 0.05,
        "sample_duration": 2,
        "batch_size": 1024,
        "sample_time_modifier": 1,
        "enabled_classes": [
            1,
            6,
            7,
            8,
            13,
            14,
            17
        ]
    },
    "loss_t": [
        2.303727597725101,
        1.8273345173859015,
        1.6899929511837843,
        1.587910582379597,
        1.5247197529164755,
        1.4707788548818448,
        1.340105001519366,
        1.2751005015722134,
        1.28390726519794,
        1.101324553896741,
        1.3035677613281622,
        1.116537918404835,
        1.0054441065323063,
        0.9804133307643053,
        0.9218777083769077,
        0.9428129312468738,
        0.8698564360781413,
        0.8810180803624595,
        0.8616623456885175,
        0.8703269842194348,
        1.0195597410202026,
        0.9231368099770895,
        0.8848798594823698,
        0.8692226409912109,
        0.8312496164949928,
        0.8567028074729733,
        0.8177090388972584,
        0.842546358341124,
        0.7695239709644783,
        0.7433727485377614,
        0.8986314142622599,
        0.8256413166115923,
        0.7800070570736397,
        0.7985982095322958,
        0.763171722249287,
        0.752394429067286,
        0.7635077092705703,
        0.7681218283932384,
        0.7281334516478748,
        0.7426325824202561,
        0.8178766093602995,
        0.7478621718360157,
        0.7529171981462618,
        0.740004936369454,
        0.7328060400195238,
        0.7107916547030937,
        0.7302604768334365,
        0.7594342653344317,
        0.6890457854038332,
        0.7137889614919337,
        0.7640596511887341,
        0.7362551863600568,
        0.7204418066071301,
        0.7391189511229352,
        0.7351835588129555,
        0.6747657598518744,
        0.6990734527750713,
        0.6843236612110604,
        0.6904932086060687,
        0.7257959435625774,
        0.7532214973031021,
        0.6793362861726342,
        0.6926360886271407,
        0.6973077044254397,
        0.6747267449774393,
        0.696135031013954,
        0.6722797591511797,
        0.6961141344977588,
        0.6704958604603279,
        0.652285099029541,
        0.7176367742259327,
        0.7018933703259724,
        0.6782785450539938,
        0.6580058961379819,
        0.6618452726340875,
        0.6618299382488902,
        0.6574861421817686,
        0.652539626854222,
        0.6389935205622417,
        0.6382148542055269,
        0.6780238267852039,
        0.6728198586440668,
        0.6429108439422235,
        0.6328586180035661,
        0.6521264750783037,
        0.672405852050316,
        0.6598868980640318,
        0.6592481368925514,
        0.6567569491339893,
        0.6214353849248189,
        0.6683601795173273,
        0.6789367198944092,
        0.647910417580023,
        0.6251906810737238,
        0.6511706433645109,
        0.6422558208791221,
        0.691962974827464,
        0.624059185749147,
        0.6503490645711015,
        0.627624231140788,
        0.7183026060825441,
        0.6598317070705134,
        0.6111314754660536,
        0.6251793213006926,
        0.6528043528882469,
        0.6174474823765639,
        0.6080704244171701,
        0.6168153867488955,
        0.6102002248531435,
        0.6652674151629936,
        0.6187320715043603,
        0.6335398009637507,
        0.6396624024321393,
        0.6009656845069513,
        0.6099542888199411,
        0.632116791678638,
        0.6250425141032149,
        0.610085071586981,
        0.6032482036730138,
        0.6039817943805601,
        0.6535875579205955,
        0.6651798210492949,
        0.6388913000502238,
        0.599565854886683,
        0.602636811209888,
        0.6007697320565945,
        0.5941934069482292,
        0.586543496062116,
        0.595759573506146,
        0.6120631098747253,
        0.6127312881190602,
        0.5859112928553325,
        0.608976794452202,
        0.5970889242683969,
        0.5886055260169797,
        0.6157179823735865,
        0.598932527187394,
        0.5881201857473792,
        0.592578236649676,
        0.6008879462393318,
        0.6283944031087364,
        0.6225469592140942,
        0.5968734520237621,
        0.5855491437563082,
        0.5795872189649721,
        0.5843695329456795,
        0.5980534364537495,
        0.5822163863879878,
        0.5891744872418846,
        0.5769427433246519,
        0.6035231693488795,
        0.5704045441092515,
        0.6084069079015313,
        0.612711060337904,
        0.5569191705889818,
        0.5702953258665596,
        0.6711159043195771,
        0.5687642359152073,
        0.576537285636111,
        0.5698254733550839,
        0.5899662273686107,
        0.6200969291896354,
        0.5872961515333595,
        0.6014894334281363,
        0.5939149420435835,
        0.5655982109104715,
        0.5659940315455925,
        0.5679382056724734,
        0.5774101084325372,
        0.5689254083284517,
        0.5942958716939135,
        0.5795059574813377,
        0.5545412890794801,
        0.5705906101843206,
        0.63225070877773,
        0.5642021785422069,
        0.5642299179623766,
        0.5677183772005686,
        0.5616536969091834,
        0.5447895061679002,
        0.5739816739791777,
        0.578547386861429,
        0.5749215796226408,
        0.5596809757918846,
        0.5649475164529754,
        0.574556241675121,
        0.5589496028132555,
        0.5692753849959955,
        0.5472107696823958,
        0.5620724180849587,
        0.562467065526218,
        0.5563657043910608,
        0.5782005852315484,
        0.5655670725717777,
        0.6115186432512795,
        0.5654349392507134,
        0.5868653473330707,
        0.5693185525696453,
        0.5409099132549472,
        0.5354372866270019,
        0.5601560567937246,
        0.5536633410104891,
        0.553510588843648,
        0.5304014886297831,
        0.5463274550147172,
        0.5867414060162335,
        0.5379518931958733,
        0.557696579433069,
        0.5466045962601174,
        0.5160145970379434,
        0.5850931049847021,
        0.5487633412931023,
        0.5599847203347741,
        0.5567639201152615,
        0.5533815019014405,
        0.5586405105707122,
        0.5300231939408837,
        0.563891746648928,
        0.5374014028688756,
        0.5597016680531386,
        0.6034872517353151,
        0.548025757801242,
        0.5690639615058899,
        0.5675446798161763,
        0.552135450084035,
        0.5636211270239295,
        0.5446592198639382,
        0.5617366556714221,
        0.5394074509783489,
        0.5213532738569306,
        0.5476698577404022,
        0.5315487268494397,
        0.528891046599644,
        0.5692599757415492,
        0.5662195762483085,
        0.5445316135883331,
        0.5348829358089261,
        0.5465624841248117,
        0.5483674966707462,
        0.564051322093824,
        0.5331067893563247,
        0.5562302790037016,
        0.5332809424981838,
        0.5487422172616168,
        0.5132722978184863,
        0.5681519537437253,
        0.5381584741720339,
        0.5474621653556824,
        0.5233562734068894,
        0.5469791453059126
    ],